date,CCSI_lag18,CPI_lag1,ESI_lag18,GDP_lag18,PPI_lag6,base_rate_lag1,broad_liquidity_lag18,broad_money_lag18,business_survey_lag18,capital_account_lag3,capital_investment_lag18,coincident_lag6,credit_card_spending_lag3,current_account_lag12,deposit_rate_lag1,economic_growth_rate_lag18,employment_lag18,export_price_lag12,export_value_lag6,financial_account_lag12,financial_institution_liquidity_lag18,household_credit_lag1,import_price_lag6,import_value_lag12,industrial_production_lag6,kosdaq_index_lag1,labor_force_participation_rate_lag18,land_price_change_lag1,leading_price_lag18,loan_rate_lag1,loans_outstanding_lag18,manufacturing_capacity_utilization_lag12,manufacturing_output_lag12,manufacturing_production_lag12,monetary_base_lag18,retail_sales_lag1,service_production_lag3,terms_of_income_trade_lag6,terms_of_trade_lag3,total_deposits_lag18,unemployment_lag3,us_CPI_lag3,us_industrial_production_lag18,us_policy_rate_lag1,target
2011-02-01,118.3,88.288,105.2,3.1,96.6,2.75,2383597.7,1380776.9,81.0,-2.1,61.9,76.2,44316792.0,1799.2,3.46,3.051,23797.0,125.26,83.64,-1560.1,1939450.4,855514.6,126.68,79.5,84.3,521.38,61.1,0.091,69.7,5.64,956229.6,112.629,83.243,83.255,61272.8,81.3,84.3,69.5,100.54,717468.9,3.3,100.34,85.8,0.29,3.0
2011-03-01,117.8,88.892,108.7,3.1,97.16,2.75,2390541.5,1384414.2,84.0,22.5,68.3,76.1,45788120.0,1246.0,3.62,3.051,23983.0,124.72,85.49,327.7,1946611.1,855514.6,126.54,91.34,84.2,504.46,61.1,0.089,70.0,5.66,958578.1,113.998,84.878,85.048,59567.0,81.3,84.9,69.65,99.55,735366.3,3.7,100.52,86.6,0.28,3.0
2011-04-01,123.0,89.238,111.2,0.7,97.52,3.0,2397783.9,1394094.4,88.0,-17.1,66.0,76.0,44348384.0,3022.3,3.67,0.732,24038.0,125.05,94.69,-2308.1,1955741.5,855514.6,124.95,91.02,84.7,525.42,60.9,0.108,70.6,5.78,958048.5,114.003,85.966,86.112,63396.7,81.3,86.8,76.15,97.4,740219.1,3.6,100.99,86.8,0.28,3.0
2011-05-01,118.1,89.325,113.0,0.7,97.85,3.0,2410678.8,1400475.5,85.0,-5.4,72.1,76.3,39286019.0,6477.1,3.68,0.732,23983.0,128.15,93.09,4537.5,1954193.7,877178.2,127.37,89.18,85.1,511.0,61.0,0.098,71.2,5.7,963885.1,113.438,86.628,86.767,61337.1,82.0,84.6,73.26,97.42,747499.5,3.6,101.49,87.2,0.23,3.25
2011-06-01,116.5,89.497,114.3,0.7,98.76,3.0,2420301.2,1399323.9,89.0,-7.5,72.8,76.8,45802472.0,3207.0,3.67,0.732,23406.0,131.88,96.64,4805.0,1960945.4,877178.2,133.08,89.38,86.1,484.54,60.7,0.097,71.6,5.76,953505.2,113.384,86.834,86.975,62546.4,82.0,86.0,74.69,96.27,751272.7,3.7,102.48,87.5,0.21,3.25
2011-07-01,117.1,89.67,115.2,2.3,100.28,3.25,2438565.8,1406577.5,89.0,-3.2,73.1,77.6,43365817.0,3154.9,3.7,2.343,23041.0,131.02,92.72,2039.1,1971124.1,877178.2,132.46,90.19,88.3,479.55,61.3,0.1,71.9,5.8,955782.2,113.62,87.427,87.43,64920.3,82.0,86.3,69.92,95.16,774427.7,3.5,103.14,88.5,0.22,3.25
2011-08-01,114.5,90.102,115.7,2.3,101.03,3.25,2468580.5,1425069.1,89.0,5.2,77.9,77.7,47226380.0,3653.2,3.79,2.343,23047.0,127.49,84.29,2582.0,1993716.1,891271.6,136.18,90.29,84.8,536.05,61.0,0.101,71.9,5.86,958052.8,110.856,86.94,87.017,64923.8,81.9,86.3,62.22,91.08,792552.4,3.3,103.63,88.8,0.24,3.25
2011-09-01,114.5,90.707,116.1,2.3,102.24,3.25,2480566.7,1435032.5,89.0,-11.7,80.1,78.0,45181924.0,3945.5,3.77,2.343,23560.0,126.41,104.67,3475.1,2008531.3,891271.6,141.08,89.76,87.7,493.44,60.9,0.094,71.9,5.84,962695.9,111.637,87.031,87.035,65521.8,81.9,86.8,74.42,91.94,792910.8,3.3,103.52,89.4,0.29,3.25
2011-10-01,114.1,90.62,116.4,1.6,102.87,3.25,2500844.0,1448987.9,94.0,0.1,77.8,77.8,44452984.0,1636.4,3.71,1.616,24116.0,122.68,103.84,2737.3,2023391.6,891271.6,141.95,93.89,86.7,449.66,61.1,0.094,72.0,5.76,967784.2,112.68,87.918,87.986,64446.3,81.9,87.5,71.72,92.2,801374.8,3.4,103.61,89.7,0.33,3.25
2011-11-01,114.2,90.448,116.6,1.6,103.18,3.25,2517244.0,1456909.3,95.0,-3.3,74.1,78.4,46411423.0,1293.3,3.71,1.616,24495.0,123.37,103.59,4381.8,2031501.0,916162.2,138.92,98.61,87.1,490.69,61.2,0.095,72.2,5.77,974047.5,113.191,88.466,88.543,67868.6,81.8,88.1,69.14,91.39,826075.3,3.2,103.89,90.9,0.37,3.25
2011-12-01,116.0,90.534,116.7,1.6,102.95,3.25,2528782.5,1466581.2,94.0,-2.2,79.8,78.7,46060517.0,-1065.0,3.69,1.616,24474.0,127.0,104.71,-678.6,2046647.2,916162.2,138.21,102.52,88.0,492.81,61.1,0.095,72.4,5.83,975225.8,115.789,89.905,89.988,66794.8,81.8,87.0,70.98,91.41,837603.2,3.3,104.05,91.1,0.41,3.25
2012-01-01,115.9,90.879,116.6,1.0,103.09,3.25,2545640.9,1482417.4,93.0,-1.2,77.9,78.9,45224513.0,-1132.2,3.77,1.017,24500.0,124.74,106.28,-1955.6,2061344.9,916162.2,136.49,108.42,87.5,500.18,61.5,0.098,72.5,5.69,978910.0,117.945,93.019,93.144,67584.5,81.8,87.4,72.37,90.51,841492.5,3.3,103.84,91.5,0.49,3.25
2012-02-01,113.5,91.242,116.4,1.0,103.22,3.25,2563338.5,1488033.3,88.0,-2.0,84.2,79.3,45537738.0,3832.4,3.75,1.017,24214.0,127.24,101.95,1790.6,2066693.0,916472.3,136.84,94.09,87.8,513.99,61.1,0.087,72.5,5.79,978486.6,114.103,90.047,90.175,68111.5,82.8,87.1,69.11,91.39,849611.8,3.3,103.75,91.8,0.4,3.25
2012-03-01,112.4,91.588,115.9,1.0,103.3,3.25,2579624.4,1495141.5,88.0,-63.7,81.2,79.1,47895631.0,-1706.0,3.73,1.017,24270.0,131.09,106.52,-3399.4,2079738.2,916472.3,141.63,117.16,87.6,542.3,61.1,0.091,72.6,5.71,983395.2,115.929,92.357,92.369,69729.7,82.8,86.2,72.72,89.7,852983.1,3.2,103.49,92.1,0.3,3.25
2012-04-01,112.0,91.614,115.4,1.4,103.2,3.25,2590240.6,1498033.9,89.0,-9.6,80.6,79.5,45186542.0,-439.9,3.72,1.412,24398.0,129.26,104.04,-2766.8,2082834.7,916472.3,143.01,114.1,88.6,519.56,61.1,0.12,72.4,5.74,991773.6,113.479,90.967,91.032,70022.7,82.8,87.4,71.5,91.03,871671.2,3.3,103.95,91.8,0.29,3.25
2012-05-01,115.3,91.605,114.7,1.4,102.87,3.25,2614406.6,1506545.1,90.0,-5.8,81.8,79.4,43012603.0,-2429.3,3.7,1.412,24347.0,127.0,104.06,1019.8,2090828.5,928561.6,141.01,115.83,87.5,478.89,60.9,0.116,72.5,5.71,997054.2,113.543,91.37,91.419,69687.7,83.2,88.1,72.87,91.3,880035.3,3.3,104.41,91.9,0.29,3.25
2012-06-01,114.1,91.769,113.9,1.4,102.97,3.25,2622540.4,1516914.0,90.0,-3.8,82.1,79.6,46326784.0,779.0,3.64,1.412,23931.0,125.55,105.5,946.5,2112037.2,928561.6,141.22,114.8,86.7,471.94,61.3,0.112,72.6,5.66,987148.1,114.495,92.099,92.157,71409.2,83.2,87.4,73.65,90.11,873890.6,3.3,105.2,92.8,0.29,3.0
2012-07-01,112.6,91.639,113.1,1.0,103.5,3.25,2644620.8,1520642.1,87.0,0.3,80.7,79.5,46044761.0,2243.0,3.63,0.955,23439.0,123.12,91.7,3198.5,2122558.4,928561.6,142.61,113.46,87.6,489.16,60.8,0.097,73.1,5.58,993802.1,112.837,91.927,92.023,73273.1,83.2,87.5,64.4,88.28,875289.4,3.3,105.52,92.6,0.32,3.0
2012-08-01,110.2,91.432,112.2,1.0,104.21,3.0,2691895.0,1521655.1,84.0,-1.0,80.0,80.0,48844253.0,4866.7,3.43,0.955,23589.0,124.03,102.5,5530.5,2130714.2,940745.6,143.3,115.33,89.5,467.61,61.3,0.065,73.4,5.45,1001239.2,111.219,91.599,91.679,73769.2,83.4,88.4,71.31,88.36,891529.7,3.2,105.39,92.2,0.3,3.0
2012-09-01,98.7,91.855,111.4,1.0,104.73,3.0,2699206.4,1530223.2,87.0,-6.0,83.8,80.1,46057681.0,3057.6,3.19,0.955,24114.0,127.67,105.97,3184.9,2146545.4,940745.6,145.68,116.71,88.3,508.35,61.6,0.032,73.5,5.22,1008342.8,112.391,91.578,91.67,72954.3,83.4,88.0,72.26,89.67,890656.0,3.2,105.24,93.2,0.26,2.75
2012-10-01,100.9,92.512,110.7,0.4,104.78,3.0,2726322.8,1539009.1,92.0,-5.5,79.3,80.3,47707305.0,610.6,3.18,0.434,24581.0,129.21,101.47,4912.3,2160399.1,940745.6,144.11,110.21,88.3,523.78,61.4,0.024,73.5,5.13,1020032.7,113.222,93.586,93.664,73418.5,83.4,88.9,68.13,93.49,897086.0,3.2,105.07,92.9,0.24,2.75
2012-11-01,104.8,92.339,110.1,0.4,104.19,2.75,2730820.1,1547725.2,90.0,-1.9,83.9,80.5,45710847.0,4545.7,3.08,0.434,24950.0,125.82,104.77,6690.4,2166939.4,963794.4,141.39,109.69,89.3,508.31,61.4,0.059,73.6,4.98,1027141.8,112.162,92.004,92.002,73829.4,83.9,88.6,71.87,93.42,898462.8,3.2,105.65,93.0,0.23,2.75
2012-12-01,102.3,92.011,109.5,0.4,102.93,2.75,2746978.8,1550022.4,88.0,-1.6,83.8,80.6,48081223.0,2410.8,3.02,0.434,25053.0,125.69,105.11,3768.6,2184277.0,963794.4,136.37,117.19,88.2,499.37,61.5,0.067,73.6,4.94,1028822.5,109.679,90.158,90.237,75232.8,83.9,88.7,74.7,91.49,908396.2,3.2,106.12,93.3,0.23,2.75
2013-01-01,102.7,92.175,108.9,0.5,102.48,2.75,2773512.0,1555990.0,87.0,-4.9,81.7,81.0,47461738.0,1854.9,3.1,0.463,24933.0,126.85,104.08,346.1,2203943.3,963794.4,135.21,112.49,88.9,496.32,61.4,0.082,73.7,4.84,1036406.5,111.678,92.495,92.62,74712.5,83.9,88.2,77.05,90.3,914146.4,3.1,106.08,93.7,0.24,2.75
2013-02-01,97.9,92.728,108.2,0.5,103.11,2.75,2788386.5,1571378.8,81.0,0.7,88.6,80.7,47875119.0,-3007.0,3.0,0.463,24784.0,126.39,98.72,-167.4,2223358.5,962874.9,137.46,115.16,87.6,503.67,61.4,0.031,73.7,5.0,1042136.7,117.358,96.662,96.696,76447.5,83.6,88.3,72.33,91.18,921067.0,3.2,105.58,94.4,0.23,2.75
2013-03-01,97.2,93.038,107.5,0.5,103.47,2.75,2823669.7,1579257.0,82.0,-2.6,81.0,80.8,49549126.0,4706.6,2.94,0.463,24604.0,127.18,107.32,3309.6,2234173.2,962874.9,138.46,115.66,88.3,535.87,60.8,0.066,73.7,4.91,1052250.8,112.818,93.169,93.181,77368.6,83.6,87.8,76.67,92.18,927486.3,3.2,105.29,94.3,0.22,2.75
2013-04-01,99.9,92.952,106.7,0.7,102.67,2.75,2840652.9,1597926.7,82.0,-8.0,76.7,80.8,46665724.0,794.4,2.87,0.671,24965.0,127.72,108.29,-1585.5,2254320.1,962874.9,133.89,112.96,88.7,555.02,61.5,0.109,73.8,4.77,1064421.3,113.127,94.116,94.192,77080.8,83.6,88.4,76.48,92.95,938946.7,3.2,105.61,94.9,0.21,2.5
2013-05-01,104.6,92.823,106.0,0.7,101.96,2.75,2860160.2,1603013.1,80.0,-2.9,81.6,81.2,42937391.0,4313.1,2.75,0.671,24885.0,126.67,110.6,2372.1,2257082.8,979641.9,129.93,114.7,89.2,563.87,61.5,0.132,73.8,4.73,1071358.2,112.985,94.571,94.705,76835.2,83.8,89.7,79.45,93.05,942925.5,3.1,106.47,94.9,0.2,2.5
2013-06-01,98.3,92.823,105.3,0.7,101.71,2.5,2854209.7,1599168.0,81.0,8.2,82.1,81.6,47231439.0,5554.3,2.67,0.671,24421.0,124.89,102.99,3163.2,2262725.4,979641.9,128.57,107.67,89.2,577.87,61.5,0.13,73.8,4.62,1063192.5,111.01,92.728,92.867,77862.6,83.8,88.6,74.89,92.15,947801.4,3.0,106.75,95.4,0.2,2.5
2013-07-01,96.9,92.71,104.7,1.0,101.87,2.5,2881050.5,1603967.0,78.0,-1.6,87.8,81.8,47469966.0,7022.6,2.66,0.956,24024.0,123.24,104.6,8587.8,2272928.2,979641.9,127.54,107.69,89.7,519.06,61.4,0.105,74.1,4.52,1066592.2,108.909,91.934,92.028,81088.1,83.8,89.2,76.04,93.07,938494.0,3.0,106.64,96.0,0.19,2.5
2013-08-01,101.4,92.909,104.1,1.0,102.57,2.5,2896774.5,1612098.2,79.0,-11.0,93.5,82.0,49204775.0,2370.3,2.64,0.956,24079.0,123.2,97.15,2989.3,2282932.9,993617.0,131.02,105.72,90.5,554.31,61.6,0.019,74.5,4.6,1069053.8,103.527,90.303,90.382,80262.2,84.4,89.5,70.37,94.27,950631.6,3.1,106.83,96.3,0.14,2.5
2013-09-01,102.0,93.238,103.5,1.0,102.16,2.5,2954784.0,1618320.7,81.0,-14.9,81.3,82.0,46418903.0,3755.1,2.63,0.956,24566.0,123.39,107.8,5510.9,2316971.4,993617.0,129.98,109.42,88.9,516.74,61.7,0.001,74.8,4.55,1070385.9,106.976,91.112,91.12,79044.6,84.4,89.2,77.75,95.13,963098.8,3.1,107.08,95.8,0.12,2.5
2013-10-01,106.4,93.419,102.7,0.4,101.84,2.5,2953460.7,1629427.9,82.0,1.1,83.7,82.2,50065634.0,7135.0,2.64,0.422,25058.0,120.79,106.82,6996.9,2330215.5,993617.0,130.1,111.61,90.2,534.89,61.7,0.076,75.1,4.54,1076282.8,109.633,93.686,93.677,80844.0,84.4,89.1,78.68,95.45,956856.5,3.2,107.13,96.5,0.11,2.5
2013-11-01,106.8,93.134,101.7,0.4,101.49,2.5,2972489.4,1633889.0,82.0,18.2,79.5,82.4,47083493.0,6815.5,2.63,0.422,25431.0,117.48,111.53,9100.5,2329498.7,1019040.5,127.75,111.99,90.0,532.44,61.8,0.152,75.2,4.46,1080860.2,110.356,94.362,94.448,80494.9,84.5,90.0,83.38,94.92,962971.4,3.2,107.26,96.7,0.12,2.5
2013-12-01,100.6,93.116,100.5,0.4,101.48,2.5,2996391.8,1647303.9,78.0,-6.5,76.0,82.8,47741116.0,7475.7,2.62,0.422,25412.0,116.6,103.11,7765.8,2351012.6,1019040.5,130.45,110.6,89.7,517.06,61.7,0.156,75.4,4.5,1083714.2,109.761,94.54,94.552,82278.6,84.5,89.6,77.6,94.17,976938.7,3.0,107.38,96.7,0.12,2.5
2014-01-01,99.2,93.229,99.1,0.4,101.46,2.5,3010729.7,1655328.1,69.0,-2.0,80.5,83.0,48119676.0,7196.2,2.67,0.446,25378.0,116.53,105.72,2709.3,2366502.8,1019040.5,129.39,116.57,89.6,499.99,61.7,0.151,75.4,4.52,1085112.3,113.721,96.704,96.66,82195.9,84.5,89.9,79.9,93.78,971628.7,3.1,107.1,96.9,0.14,2.5
2014-02-01,99.7,93.73,97.8,0.4,101.74,2.5,3029645.1,1665020.0,69.0,0.0,74.0,83.2,47627670.0,5098.7,2.65,0.446,25121.0,119.37,104.56,1709.8,2377867.4,1022446.2,130.22,104.12,90.3,515.2,61.5,0.107,75.4,4.53,1089617.2,109.396,94.153,94.186,83163.1,85.7,89.9,78.75,94.17,975454.9,3.1,106.89,96.5,0.12,2.5
2014-03-01,97.6,93.98,96.6,0.4,101.63,2.5,3044706.5,1665281.6,68.0,-7.6,76.5,83.3,50077057.0,6481.5,2.63,0.446,25257.0,119.68,102.72,6871.2,2386310.1,1022446.2,127.21,112.37,89.7,528.96,61.7,0.142,75.4,4.45,1096901.7,108.313,93.108,93.21,82993.7,85.7,88.9,76.45,94.4,979542.3,3.3,106.88,96.4,0.13,2.5
2014-04-01,98.9,94.153,95.7,0.7,101.27,2.5,3054204.3,1676747.9,68.0,-3.0,77.7,83.8,47735539.0,6339.8,2.6,0.745,25315.0,120.39,115.57,2067.9,2398684.2,1022446.2,124.12,112.51,90.9,541.58,61.6,0.199,75.5,4.46,1102654.7,108.548,93.51,93.661,84604.6,85.7,91.3,85.71,92.82,973179.6,3.3,107.27,96.8,0.12,2.5
2014-05-01,99.2,94.214,95.1,0.7,101.07,2.5,3068039.5,1675811.9,66.0,3.5,73.4,84.1,43025682.0,8395.2,2.6,0.745,25182.0,119.35,110.98,12505.6,2403718.4,1035889.5,123.56,108.73,90.6,559.34,61.5,0.18,75.8,4.42,1105898.1,107.749,93.039,93.165,83181.7,85.0,90.9,82.83,93.73,980029.1,3.5,107.67,97.1,0.12,2.5
2014-06-01,98.0,94.369,94.9,0.7,101.3,2.5,3077778.3,1686156.0,68.0,-2.6,78.1,84.5,48685239.0,5398.8,2.59,0.745,24637.0,122.39,107.33,4895.5,2422242.3,1035889.5,124.03,104.67,90.2,546.53,61.3,0.152,76.1,4.4,1099781.8,107.217,93.151,93.207,85422.0,85.0,91.0,80.11,93.38,990273.1,3.4,108.36,97.4,0.11,2.5
2014-07-01,101.7,94.248,95.0,0.8,101.57,2.5,3097378.2,1698131.6,69.0,2.6,77.3,84.9,47282897.0,5734.7,2.57,0.793,24287.0,121.3,104.12,9082.4,2428972.6,1035889.5,123.71,111.46,92.1,537.06,61.3,0.148,76.2,4.4,1099778.9,104.275,92.028,92.117,85759.5,85.0,90.3,76.86,93.62,983449.1,3.6,108.72,97.4,0.11,2.25
2014-08-01,100.9,94.386,95.2,0.8,101.7,2.5,3125750.7,1711076.9,68.0,-4.3,76.2,85.2,48774430.0,7164.7,2.49,0.793,24215.0,120.51,99.33,5706.1,2448298.0,1056441.5,124.78,106.73,91.5,536.32,61.0,0.168,76.5,4.39,1101851.1,106.251,93.577,93.658,86887.8,86.1,90.9,74.08,93.82,990663.7,3.5,109.1,97.8,0.13,2.25
2014-09-01,104.1,94.551,95.6,0.8,101.66,2.25,3140272.2,1718308.7,71.0,-2.6,77.2,85.5,47386099.0,6824.8,2.36,0.793,24736.0,117.56,112.33,6821.0,2464947.0,1056441.5,124.13,106.38,91.6,570.2,61.3,0.138,76.7,4.18,1104331.3,103.383,91.625,91.725,89476.2,86.1,91.7,83.7,93.88,994749.1,3.5,109.3,98.2,0.13,2.0
2014-10-01,101.4,94.49,96.1,1.1,101.5,2.25,3175332.6,1717442.2,73.0,-6.3,75.3,85.6,50721418.0,8094.2,2.28,1.13,25322.0,115.38,115.24,9718.2,2475544.4,1056441.5,121.07,117.1,91.8,573.22,61.5,0.186,77.0,4.14,1110645.3,107.67,94.275,94.432,87890.0,86.1,91.9,86.36,93.66,992183.8,3.5,109.26,98.2,0.12,2.0
2014-11-01,104.0,94.205,96.7,1.1,101.49,2.0,3181627.9,1723903.5,73.0,11.2,76.4,85.5,48529802.0,4127.3,2.18,1.13,25610.0,114.49,107.79,7822.4,2487542.7,1085259.2,119.0,111.24,90.8,558.7,61.6,0.202,77.2,4.0,1116788.7,107.641,93.837,93.839,89529.1,86.3,92.3,80.81,94.14,993836.0,3.5,109.08,98.2,0.12,2.0
2014-12-01,104.9,94.015,97.2,1.1,101.53,2.0,3190299.9,1735168.6,74.0,-1.3,77.3,85.7,48692960.0,6402.9,2.1,1.13,25686.0,114.12,105.38,8629.9,2494648.3,1085259.2,118.94,114.14,92.1,545.08,61.7,0.159,77.6,3.88,1125805.5,108.576,95.515,95.528,91693.3,86.3,91.7,78.81,94.84,1008815.8,3.5,109.16,98.4,0.13,2.0
2015-01-01,104.6,94.006,97.8,1.0,101.61,2.0,3209948.6,1733115.5,70.0,-1.1,81.2,85.9,49888999.0,5955.4,2.16,1.003,25681.0,114.29,112.49,3148.2,2503747.8,1085259.2,118.32,115.7,92.3,542.97,61.8,0.166,78.0,3.91,1129168.6,110.309,96.339,96.385,91344.0,86.3,92.3,83.64,95.01,987224.1,3.6,108.89,98.1,0.15,2.0
2015-02-01,104.8,94.643,98.4,1.0,101.5,2.0,3239433.6,1739717.8,70.0,-0.8,83.3,86.3,48846107.0,7024.0,2.09,1.003,25513.0,115.05,104.32,6462.7,2520581.5,1098305.0,117.37,108.77,91.5,591.58,61.8,0.143,78.3,3.9,1135486.7,109.848,95.808,95.849,94576.4,87.7,92.3,78.0,97.04,998840.6,3.6,108.3,98.7,0.16,1.75
2015-03-01,101.2,94.587,99.0,1.0,101.14,2.0,3253259.1,1761110.1,72.0,-4.2,75.0,86.3,52395193.0,5552.9,2.04,1.003,25701.0,114.55,108.08,4701.5,2545776.8,1098305.0,115.94,117.37,90.5,624.56,62.0,0.149,78.4,3.86,1141771.1,110.421,96.201,96.222,94519.5,87.7,91.6,82.04,98.04,1004337.4,3.7,107.68,99.2,0.15,1.75
2015-04-01,106.5,94.596,99.5,0.9,100.43,1.75,3281580.3,1767779.4,75.0,-13.0,88.0,86.2,48227242.0,8545.6,1.92,0.876,25798.0,111.49,115.17,5667.8,2552195.2,1098305.0,114.7,118.19,91.2,650.49,62.1,0.186,78.8,3.61,1151207.5,110.729,96.291,96.357,93780.4,87.7,92.1,89.15,100.8,1009339.5,3.6,107.18,99.1,0.14,1.75
2015-05-01,108.1,94.625,99.9,0.9,100.12,1.75,3301952.5,1782729.9,74.0,-1.7,81.5,86.3,44569997.0,8184.9,1.78,0.876,25795.0,109.71,107.37,8648.6,2564900.7,1131535.5,113.7,109.2,91.3,689.01,62.2,0.197,79.1,3.36,1161013.7,105.496,92.799,92.844,93898.4,87.6,93.6,86.43,105.41,1009713.3,3.5,107.64,99.4,0.13,1.5
2015-06-01,107.4,94.89,100.3,0.9,99.14,1.75,3319686.1,1795257.0,73.0,-7.3,80.7,86.8,50326021.0,5750.2,1.75,0.876,25248.0,109.59,111.5,9821.5,2584455.3,1131535.5,107.86,107.89,91.5,711.39,62.2,0.178,79.4,3.56,1154760.3,107.659,95.407,95.467,97197.9,87.6,93.4,93.6,103.89,1009685.4,3.5,108.28,99.5,0.15,1.5
2015-07-01,110.1,94.909,100.4,0.8,97.92,1.5,3350171.5,1799846.9,72.0,-8.7,79.8,87.2,51920918.0,5342.9,1.67,0.767,25050.0,109.95,99.42,5184.4,2597157.8,1131535.5,99.72,116.64,91.5,742.27,62.5,0.212,79.7,3.49,1162583.6,108.842,96.151,96.158,97858.0,87.6,93.9,88.2,104.61,1008925.2,3.6,108.5,99.2,0.18,1.5
2015-08-01,109.0,95.08,100.5,0.8,97.99,1.5,3368318.5,1814781.0,74.0,-1.6,85.9,87.7,51444587.0,7318.0,1.57,0.767,25116.0,110.14,87.92,7809.2,2613055.9,1164895.2,102.52,110.66,92.8,725.06,62.8,0.215,79.9,3.43,1169134.7,103.235,92.68,92.766,98935.9,88.2,93.2,81.53,105.79,1025020.5,3.6,109.06,99.9,0.19,1.5
2015-09-01,109.5,95.213,100.3,0.8,97.87,1.5,3377467.4,1826090.4,75.0,-15.3,83.2,87.7,49225496.0,6466.3,1.55,0.767,25463.0,109.85,105.55,7860.5,2630233.5,1164895.2,102.86,113.38,92.1,687.11,62.6,0.19,80.1,3.44,1171776.1,103.93,91.852,91.946,100538.7,88.2,92.8,97.02,105.1,1026854.1,3.8,109.44,100.9,0.26,1.5
2015-10-01,109.5,94.966,100.1,0.9,97.84,1.5,3403418.9,1830800.0,77.0,-29.9,84.6,87.9,53499993.0,6097.8,1.54,0.949,25985.0,110.65,105.32,6903.4,2642341.5,1164895.2,100.38,113.86,92.8,678.48,62.8,0.191,80.3,3.43,1183768.4,103.733,91.427,91.502,99032.6,88.2,93.8,97.48,104.71,1022502.5,3.8,109.45,101.0,0.27,1.5
2015-11-01,105.2,94.966,99.9,0.9,97.9,1.5,3430318.9,1847499.7,74.0,1.5,82.9,87.7,50600642.0,8940.2,1.58,0.949,26112.0,111.95,97.74,9668.0,2662780.1,1203099.2,101.65,105.99,91.7,683.63,62.5,0.223,80.5,3.42,1192150.7,104.775,92.335,92.422,101660.5,91.1,94.6,90.84,104.99,1034158.8,3.6,109.29,101.4,0.25,1.5
2015-12-01,108.0,94.786,99.7,0.9,97.85,1.5,3452901.3,1858233.6,71.0,2.2,79.3,87.9,52420213.0,7851.6,1.66,0.949,26178.0,109.1,102.84,10632.0,2675550.3,1203099.2,102.23,112.7,92.3,688.38,62.5,0.242,80.7,3.44,1197252.1,107.265,94.941,94.951,101955.5,91.1,94.9,95.37,106.64,1048020.4,3.5,109.12,101.7,0.3,1.5
2016-01-01,105.4,95.07,99.6,0.3,97.5,1.5,3486597.5,1869730.2,70.0,-5.4,83.6,88.1,54890580.0,11095.9,1.72,0.258,26280.0,104.4,102.62,5241.0,2689516.0,1203099.2,101.79,101.11,92.4,682.35,62.7,0.251,80.9,3.46,1203371.5,105.605,92.517,92.55,101948.7,91.1,95.3,96.62,106.59,1041276.7,3.5,109.07,102.0,0.54,1.5
2016-02-01,107.4,95.232,99.5,0.3,96.89,1.5,3511780.2,1891814.7,70.0,18.8,76.1,88.8,51816410.0,8469.3,1.65,0.258,26183.0,105.78,91.2,6689.5,2707669.3,1223653.9,101.37,87.16,93.9,682.8,62.9,0.173,81.2,3.49,1212151.8,106.738,94.092,94.23,108616.2,91.2,94.9,88.24,105.87,1051324.5,3.6,108.84,101.8,0.57,1.5
2016-03-01,108.3,95.64,99.6,0.3,96.47,1.5,3524420.2,1901679.4,72.0,0.2,83.9,89.7,55299120.0,8857.6,1.58,0.258,26213.0,106.77,99.41,10055.7,2732540.8,1223653.9,100.75,98.82,94.9,651.62,62.8,0.17,81.5,3.47,1220907.4,104.45,93.195,93.292,104701.0,91.2,96.0,99.12,105.73,1056981.5,3.5,108.47,102.1,0.54,1.5
2016-04-01,105.5,95.393,99.6,0.5,95.81,1.5,3553658.8,1912477.6,69.0,-2.6,79.9,90.3,53531254.0,9162.2,1.56,0.532,26247.0,104.81,101.64,8637.5,2747212.2,1223653.9,97.63,97.78,94.0,688.38,62.8,0.216,81.8,3.5,1235268.5,105.38,94.394,94.458,107261.2,91.2,94.5,102.22,106.24,1062397.9,3.6,108.65,102.1,0.55,1.5
2016-05-01,103.2,95.573,99.6,0.5,95.43,1.5,3585961.2,1935697.0,71.0,-2.3,91.2,90.4,49210387.0,6674.8,1.56,0.532,26260.0,105.92,93.83,7004.1,2769096.3,1257583.2,95.95,91.25,94.0,699.77,62.9,0.214,82.1,3.44,1244462.8,102.239,91.94,92.084,107041.4,92.5,95.6,94.77,108.73,1075492.9,3.8,108.74,102.7,0.55,1.25
2016-06-01,101.5,95.63,99.7,0.5,95.21,1.5,3609139.2,1946213.6,71.0,-3.2,90.8,90.6,54263697.0,9691.9,1.54,0.532,25679.0,107.14,96.93,9990.4,2795365.7,1257583.2,94.92,92.63,94.6,698.45,62.7,0.221,82.4,3.45,1250103.3,104.642,93.625,93.766,110427.6,92.5,95.9,99.59,109.58,1080543.3,3.7,109.21,102.7,0.57,1.25
2016-07-01,103.0,95.611,99.7,0.9,94.69,1.25,3628473.6,1949424.5,71.0,-5.0,87.9,90.5,56752685.0,8671.3,1.44,0.864,25392.0,107.72,81.45,9726.1,2807592.9,1257583.2,93.46,97.52,93.6,675.09,62.8,0.246,82.8,3.31,1258300.9,103.183,92.552,92.639,113202.0,92.5,96.3,85.9,107.63,1069318.2,3.6,109.72,101.9,0.55,1.25
2016-08-01,103.7,95.431,99.7,0.9,94.69,1.25,3652460.0,1966543.7,71.0,1.0,91.6,90.7,58545327.0,8527.8,1.32,0.864,25471.0,108.39,80.77,8062.4,2830920.8,1296456.7,94.93,88.66,94.6,706.24,62.9,0.244,83.2,3.23,1267564.3,104.949,94.883,94.976,114034.3,91.1,96.4,88.0,106.94,1079856.8,3.5,110.17,101.2,0.62,1.25
2016-09-01,101.8,95.677,99.5,0.9,94.63,1.25,3674333.9,1983317.2,74.0,-3.0,89.5,90.7,54925420.0,9091.7,1.31,0.864,25766.0,107.53,96.71,10594.1,2860479.7,1296456.7,95.02,87.2,95.2,663.69,62.7,0.234,83.7,3.23,1273076.7,106.692,96.196,96.296,115830.8,91.1,96.9,105.16,105.96,1092540.1,3.6,110.53,100.9,0.73,1.25
2016-10-01,104.7,96.247,99.2,0.4,94.87,1.25,3717729.3,2006484.3,78.0,5.8,87.2,90.9,58420585.0,7421.1,1.35,0.43,26153.0,103.43,91.21,11227.6,2890499.0,1296456.7,93.28,92.97,94.8,681.21,62.6,0.237,84.1,3.27,1287415.5,105.65,95.366,95.445,115248.6,91.1,96.8,96.97,105.18,1093039.1,3.6,110.35,100.4,0.75,1.25
2016-11-01,106.1,96.379,98.8,0.4,94.98,1.25,3743102.5,2018864.2,75.0,17.2,84.1,91.4,55805879.0,8136.3,1.41,0.43,26431.0,102.31,92.34,7099.0,2908742.5,1342526.8,96.51,86.81,96.1,624.68,62.8,0.252,84.5,3.29,1292675.9,105.116,94.754,94.843,117608.5,93.1,97.6,96.96,106.37,1104368.2,3.9,110.45,99.9,0.72,1.25
2016-12-01,98.6,96.237,98.3,0.4,95.21,1.25,3771740.0,2028091.1,66.0,-9.1,87.4,91.8,56671838.0,9318.7,1.51,0.43,26440.0,102.38,95.91,8629.8,2930697.8,1342526.8,97.25,90.21,96.5,596.11,62.8,0.242,84.7,3.36,1283772.4,104.212,93.698,93.79,119343.5,93.1,97.3,99.53,106.95,1120488.4,3.9,110.72,99.6,0.71,1.25
2017-01-01,100.7,96.342,98.0,1.5,95.1,1.25,3795642.7,2046768.0,70.0,-6.3,90.4,92.3,60890718.0,9875.7,1.56,1.484,26538.0,102.78,94.62,6747.7,2960374.6,1342526.8,94.55,79.66,95.9,631.44,62.9,0.218,84.9,3.44,1289200.9,103.715,93.478,93.611,122956.2,93.1,96.7,97.47,108.48,1115937.1,3.8,110.86,100.2,0.87,1.25
2017-02-01,102.0,97.366,97.6,1.5,95.19,1.25,3813654.4,2058804.8,69.0,-35.0,90.0,92.6,56704176.0,8272.6,1.51,1.484,26369.0,103.6,89.97,9443.0,2975346.2,1358967.4,92.87,74.6,96.4,616.13,62.8,0.183,85.1,3.51,1302653.4,105.054,94.318,94.346,122945.9,93.0,96.6,92.82,106.44,1130709.0,3.7,110.68,100.1,0.9,1.25
2017-03-01,103.3,97.632,97.3,1.5,95.41,1.25,3833606.1,2069757.1,69.0,-3.7,90.7,92.7,60040237.0,11224.7,1.49,1.484,26487.0,102.34,94.3,12051.8,2998942.9,1358967.4,93.03,85.17,96.2,612.2,62.8,0.231,85.6,3.45,1314440.9,104.924,95.697,95.797,126003.8,93.0,97.2,96.64,108.21,1139832.4,3.5,110.72,99.8,0.87,1.25
2017-04-01,105.9,97.565,96.8,0.8,95.69,1.25,3857360.7,2076050.9,73.0,42.9,92.4,92.8,59978312.0,7319.8,1.49,0.773,26519.0,99.33,96.5,1596.7,3014304.2,1358967.4,97.07,82.98,95.5,619.28,62.8,0.321,85.9,3.48,1333439.5,103.432,94.474,94.636,125585.8,93.0,97.1,98.36,105.38,1141504.3,3.5,111.37,99.3,0.98,1.25
2017-05-01,106.6,97.442,96.3,0.8,96.12,1.25,3868718.9,2084185.5,69.0,-2.0,88.1,93.3,54134885.0,9493.0,1.48,0.773,26469.0,101.72,101.58,10226.6,3028353.3,1387757.1,99.43,83.02,97.4,628.24,62.8,0.315,86.1,3.42,1344168.1,106.056,97.327,97.382,127160.5,93.5,97.1,101.2,105.67,1144738.0,3.9,111.72,98.6,1.03,1.25
2017-06-01,103.2,97.546,95.8,0.8,96.96,1.25,3907461.9,2094647.7,69.0,-1.7,89.6,93.7,59490460.0,11012.0,1.48,0.773,26098.0,101.88,104.74,10914.8,3046984.6,1387757.1,103.61,84.97,97.2,652.04,63.0,0.387,86.1,3.45,1346815.8,105.017,97.05,97.103,128377.1,93.5,97.8,104.69,104.71,1163727.4,3.6,111.81,98.1,1.05,1.25
2017-07-01,100.4,97.338,95.3,0.4,98.37,1.25,3922269.9,2112089.3,67.0,-26.4,84.1,94.3,59615028.0,7585.6,1.49,0.385,25646.0,99.71,93.07,9202.5,3067769.4,1387757.1,105.91,84.62,97.8,669.04,62.8,0.391,86.1,3.44,1353670.7,103.886,96.116,96.208,131185.6,93.5,97.9,90.04,106.67,1153532.3,3.8,112.14,98.6,1.16,1.25
2017-08-01,98.1,97.499,95.0,0.4,98.75,1.25,3948150.7,2129784.1,63.0,-1.9,85.9,94.6,59333670.0,6111.1,1.48,0.385,25615.0,97.88,98.64,6869.0,3086489.3,1419108.3,103.66,89.36,97.8,650.47,62.8,0.391,86.1,3.45,1357222.6,100.765,94.621,94.707,132239.8,93.8,98.1,93.86,105.65,1170743.1,3.5,112.23,98.1,1.22,1.25
2017-09-01,100.4,98.058,94.9,0.4,98.71,1.25,3989506.7,2136613.8,68.0,-32.1,86.8,95.0,56399161.0,6415.8,1.48,0.385,25980.0,98.65,111.45,8554.6,3119375.8,1419108.3,101.44,86.84,99.1,657.83,62.7,0.347,86.5,3.43,1361310.2,101.403,94.864,94.962,132782.0,93.8,98.4,105.01,105.74,1180204.6,3.7,112.34,97.4,1.25,1.25
2017-10-01,102.1,98.172,95.0,1.3,98.5,1.25,3991233.5,2145385.9,70.0,17.1,86.9,95.2,59281563.0,4842.8,1.53,1.253,26325.0,101.97,105.41,8419.3,3135438.4,1419108.3,101.87,89.16,98.1,652.82,62.5,0.32,86.8,3.46,1372906.9,100.343,94.372,94.453,135160.6,93.8,98.1,100.38,108.12,1171348.4,3.6,112.26,97.7,1.25,1.5
2017-11-01,99.6,98.077,95.4,1.3,98.23,1.25,4005358.1,2163643.3,71.0,-21.8,89.1,95.6,57284990.0,6764.7,1.63,1.253,26613.0,105.85,102.57,8504.6,3147394.6,1450627.4,100.43,94.66,98.5,694.2,62.7,0.286,87.1,3.46,1382525.0,105.462,99.288,99.373,135898.9,95.8,99.2,97.11,108.59,1180870.5,4.0,112.59,97.5,1.26,1.5
2017-12-01,99.1,97.347,95.9,1.3,97.85,1.5,4041442.3,2178064.5,71.0,-1.2,93.0,95.8,60752443.0,9005.7,1.79,1.253,26718.0,109.12,106.43,7394.7,3170189.3,1450627.4,99.22,96.78,98.2,771.42,62.8,0.32,87.4,3.55,1387028.0,102.99,97.854,97.945,136479.1,95.8,100.1,101.65,107.83,1200900.7,3.7,113.19,97.9,1.32,1.5
2018-01-01,101.4,97.698,96.4,0.4,97.92,1.5,4064224.9,2193889.4,71.0,-7.4,87.0,95.9,57003252.0,7178.4,1.81,0.387,26765.0,110.44,103.24,4325.2,3191756.0,1450627.4,99.72,96.35,98.4,798.42,62.8,0.319,87.7,3.62,1398400.5,106.452,99.828,99.871,136918.3,95.8,98.6,100.3,106.94,1194202.8,3.7,113.12,98.0,1.54,1.5
2018-02-01,102.4,98.106,96.9,0.4,98.37,1.5,4097538.8,2212930.6,72.0,38.8,93.9,96.2,58778962.0,7847.7,1.8,0.387,26696.0,108.88,106.1,9013.4,3214454.0,1468063.4,101.28,92.9,98.8,913.57,63.2,0.325,88.1,3.69,1407014.0,105.169,98.614,98.755,140308.1,98.1,99.4,102.88,106.68,1207739.3,3.7,113.12,97.9,1.63,1.5
2018-03-01,102.3,98.855,97.2,0.4,99.03,1.5,4129215.2,2215033.9,72.0,-31.1,90.3,96.5,60809199.0,5546.2,1.8,0.387,26697.0,107.44,122.38,5778.2,3236276.1,1468063.4,103.07,109.29,99.8,857.06,63.1,0.308,88.5,3.68,1414232.0,105.991,100.569,100.673,141285.5,98.1,99.2,116.55,104.45,1213373.7,3.6,113.06,97.8,1.78,1.5
2018-04-01,102.6,98.751,97.5,0.8,99.14,1.5,4156816.3,2232353.3,71.0,-6.1,90.9,96.8,60760410.0,6575.7,1.85,0.77,26746.0,108.17,101.51,1863.4,3271258.9,1468063.4,103.65,96.85,99.0,871.09,63.1,0.351,88.9,3.67,1425102.2,103.812,98.817,98.887,141244.6,98.1,99.4,95.06,104.21,1222552.0,3.4,113.67,97.8,2.08,1.5
2018-05-01,95.7,98.931,97.7,0.8,99.04,1.5,4191575.1,2255845.8,73.0,-13.3,97.1,97.1,54408303.0,3885.2,1.82,0.77,26762.0,106.88,119.11,2193.9,3297952.2,1492135.0,103.4,100.71,99.4,875.95,63.0,0.33,89.3,3.65,1435777.7,103.854,99.211,99.363,142102.7,98.0,100.6,110.33,101.98,1232657.0,3.7,114.19,97.4,2.2,1.5
2018-06-01,93.9,98.979,97.9,0.8,99.09,1.5,4220397.7,2265136.6,73.0,1.7,97.7,97.0,60825023.0,5641.0,1.84,0.77,26347.0,106.62,113.47,8406.3,3314006.9,1492135.0,102.68,103.45,98.7,879.66,63.0,0.345,89.7,3.68,1424149.2,102.107,97.348,97.493,143693.2,98.0,100.2,102.72,102.59,1240973.6,4.0,114.45,98.1,2.16,1.5
2018-07-01,93.0,98.779,98.2,1.1,99.5,1.5,4236954.4,2274550.6,74.0,47.7,98.1,97.2,61799005.0,6010.9,1.87,1.133,25878.0,107.82,114.23,8911.6,3335291.6,1492135.0,103.52,98.92,99.5,818.22,62.9,0.37,90.1,3.65,1429377.3,103.154,97.815,97.816,146333.3,98.0,100.7,102.12,103.1,1221517.7,3.8,114.9,97.8,2.19,1.5
2018-08-01,94.2,98.59,98.6,1.1,99.92,1.5,4246126.3,2282605.6,74.0,11.8,97.6,97.5,63416289.0,6710.5,1.82,1.133,25979.0,108.43,102.48,9407.2,3344478.1,1513642.4,103.99,103.91,100.2,775.52,63.2,0.403,90.5,3.67,1433627.6,102.345,97.812,97.902,148398.6,97.7,100.5,89.6,101.28,1238372.0,3.8,115.38,97.4,2.17,1.5
2018-09-01,96.8,99.462,99.1,1.1,99.88,1.5,4269546.0,2294876.9,78.0,-6.7,104.7,97.7,59969525.0,7775.5,1.81,1.133,26443.0,109.68,120.21,11529.2,3365359.8,1513642.4,104.54,107.59,99.1,816.97,63.2,0.42,90.9,3.63,1435859.5,102.586,98.882,98.888,144885.2,97.7,100.8,105.74,99.0,1242142.5,3.6,115.56,98.1,2.19,1.5
2018-10-01,101.6,100.221,99.6,0.7,100.01,1.5,4291818.2,2310909.5,80.0,-6.7,102.0,97.8,63989613.0,5952.7,1.84,0.726,26744.0,110.25,116.91,7194.0,3381093.3,1513642.4,105.69,98.01,100.7,822.27,63.3,0.427,91.3,3.61,1445219.3,103.854,99.322,99.326,149748.8,97.7,100.8,102.81,99.33,1237841.2,3.8,115.57,99.1,2.24,1.75
2018-11-01,109.0,100.041,100.1,0.7,100.3,1.5,4308202.6,2321693.3,80.0,-3.9,107.3,97.9,61954435.0,6424.1,1.93,0.726,26992.0,108.53,121.64,9369.1,3391497.8,1536460.2,108.8,108.33,100.7,648.67,63.0,0.455,91.7,3.64,1450375.7,103.303,99.243,99.235,149352.1,98.5,100.9,104.1,99.73,1241552.4,4.6,115.63,99.2,2.37,1.75
2018-12-01,112.4,99.33,100.6,0.7,100.33,1.75,4337698.3,2324589.3,77.0,73.3,109.4,98.1,61549004.0,5683.0,1.96,0.726,27020.0,106.89,121.05,6524.9,3403101.0,1536460.2,110.17,112.36,100.5,695.76,63.1,0.416,92.1,3.66,1453379.5,99.462,96.265,96.271,151233.7,98.5,101.0,101.78,100.32,1267394.0,4.1,115.77,99.4,2.56,1.75
2019-01-01,112.6,98.988,101.2,1.4,100.8,1.75,4357459.6,2339181.8,78.0,82.3,105.7,98.2,64495870.0,5735.3,2.05,1.372,27078.0,106.65,120.82,4640.5,3424550.9,1536460.2,111.66,118.18,101.1,675.65,63.1,0.341,92.4,3.72,1464168.8,103.7,98.675,98.715,151020.0,98.5,101.4,101.86,98.65,1252990.2,4.0,115.97,99.1,2.69,1.75
2019-02-01,111.2,98.884,101.6,1.4,101.25,1.75,4374974.4,2354321.9,77.0,-9.5,105.3,98.3,62949512.0,4438.9,2.0,1.372,26904.0,107.95,122.18,3635.3,3446188.1,1539922.0,111.34,106.99,101.0,716.86,63.3,0.314,92.8,3.73,1472669.7,103.819,98.718,98.757,153498.8,99.8,100.6,103.44,95.88,1269271.6,3.9,115.58,98.7,2.59,1.75
2019-03-01,108.8,99.311,102.0,1.4,101.54,1.75,4405764.9,2357905.7,81.0,146.1,107.0,98.2,64790366.0,6280.3,1.93,1.372,27011.0,106.42,119.68,5341.4,3464377.6,1539922.0,113.2,114.89,100.2,731.25,63.2,0.265,92.9,3.7,1482459.0,102.588,97.877,97.886,155033.0,99.8,100.7,101.62,98.18,1294618.9,3.7,115.22,98.8,2.49,1.75
2019-04-01,110.4,99.121,102.2,-0.2,101.19,1.75,4413371.1,2377964.0,78.0,-29.1,98.9,98.3,64529843.0,5854.2,1.95,-0.218,27026.0,106.61,129.67,37.2,3493275.5,1539922.0,115.19,112.88,101.1,729.31,63.2,0.3,93.2,3.66,1494961.4,105.457,100.918,100.988,158040.8,99.8,101.9,108.47,99.14,1285977.1,3.9,115.43,100.1,2.48,1.75
2019-05-01,113.7,99.481,102.3,-0.2,100.49,1.75,4451414.9,2393249.7,80.0,-15.0,104.3,98.4,56072880.0,8534.8,1.88,-0.218,27019.0,108.45,120.19,8504.5,3502866.0,1556688.9,109.52,114.8,99.9,754.74,63.2,0.317,93.4,3.65,1505855.2,106.432,101.564,101.624,155912.2,99.6,100.1,99.8,99.26,1293344.5,3.8,115.92,100.3,2.47,1.75
2019-06-01,112.2,99.652,102.1,-0.2,100.0,1.75,4495400.4,2404905.7,81.0,5.4,106.4,98.4,63420153.0,6442.1,1.86,-0.218,26604.0,109.3,109.28,4919.2,3534632.4,1556688.9,105.46,115.7,99.2,696.47,63.3,0.33,93.5,3.62,1504333.3,104.524,100.834,100.803,158841.0,99.6,101.1,95.24,97.39,1305558.4,3.8,116.58,100.5,2.44,1.5
2019-07-01,111.4,99.491,101.7,1.4,99.89,1.75,4501932.2,2416728.8,78.0,-19.5,112.6,98.8,64460911.0,6684.7,1.79,1.443,26213.0,112.03,108.17,10504.8,3543437.0,1556688.9,105.29,114.84,100.5,690.53,63.2,0.323,93.7,3.49,1512963.2,104.345,101.079,101.175,157168.7,99.6,101.9,97.03,96.72,1296039.2,4.0,117.19,100.5,2.3,1.5
2019-08-01,109.6,99.187,101.2,1.4,99.99,1.5,4518111.0,2433495.6,77.0,-12.9,115.5,98.5,68206706.0,9006.1,1.69,1.443,26083.0,111.98,93.06,8516.2,3555314.9,1572419.5,107.63,113.73,98.1,630.18,62.9,0.337,94.0,3.4,1518460.8,104.535,101.644,101.74,161227.7,100.0,102.1,83.71,95.16,1312410.2,3.8,117.44,100.7,2.22,1.5
2019-09-01,109.5,99.425,100.6,1.4,100.34,1.5,4562941.0,2437719.2,77.0,-2.2,107.5,98.6,62589352.0,8392.3,1.52,1.443,26555.0,112.2,109.55,9881.3,3580646.0,1572419.5,109.44,105.71,99.4,610.55,63.3,0.33,94.2,3.19,1525815.4,102.027,100.044,100.056,160652.4,100.0,100.7,96.93,94.39,1324168.5,3.9,117.47,101.2,2.06,1.25
2019-10-01,108.5,99.794,100.1,0.8,100.63,1.5,4568244.6,2444524.3,79.0,-3.6,104.6,98.6,66376983.0,6153.6,1.57,0.789,26868.0,112.75,111.99,10656.4,3595149.8,1572419.5,111.37,125.16,101.0,621.76,63.2,0.322,94.3,3.31,1534255.8,105.311,101.796,101.793,161668.5,100.0,101.8,98.55,96.49,1320696.6,4.0,117.66,102.3,2.03,1.25
2019-11-01,109.4,100.041,99.6,0.8,100.74,1.25,4596097.0,2455881.4,81.0,-0.7,102.9,99.1,64765092.0,4489.0,1.55,0.789,27064.0,109.22,108.19,3406.3,3602770.1,1600125.2,113.74,120.35,100.9,658.52,63.1,0.336,94.6,3.2,1543469.7,103.18,99.671,99.661,160311.9,102.2,103.2,94.43,95.13,1333028.4,3.6,117.66,101.4,1.88,1.25
2019-12-01,106.8,99.481,99.1,0.8,100.46,1.25,4609622.8,2459364.0,80.0,-60.4,98.1,99.3,63637099.0,5455.4,1.62,0.789,27126.0,106.19,102.12,6430.3,3617661.0,1600125.2,109.52,112.81,99.9,632.99,63.0,0.336,94.7,3.18,1546960.3,101.167,97.276,97.284,165008.0,102.2,102.0,89.89,96.33,1353051.7,3.6,117.75,102.2,1.77,1.25
2020-01-01,101.9,99.719,98.6,0.5,100.46,1.25,4639212.9,2472679.0,75.0,-14.7,96.3,99.4,67264005.0,6371.4,1.6,0.547,27083.0,104.74,108.6,2702.1,3641817.9,1600125.2,110.39,116.44,101.7,669.83,63.0,0.335,94.9,3.22,1556221.9,102.876,98.948,98.985,164252.5,102.2,102.3,98.37,95.36,1341176.3,3.5,118.02,102.4,1.76,1.25
2020-02-01,99.9,100.09,98.2,0.5,100.69,1.25,4677056.9,2488391.7,74.0,-4.6,95.5,99.8,66739543.0,3640.9,1.54,0.547,26907.0,105.18,102.84,2332.0,3673292.6,1611162.9,111.17,94.85,101.6,642.48,63.4,0.331,94.8,3.19,1568274.0,98.754,94.94,94.974,166943.3,96.7,103.0,92.83,95.5,1350742.7,3.7,117.96,103.0,1.65,0.75
2020-03-01,100.9,100.16,97.7,0.5,100.75,1.25,4693674.2,2486251.4,75.0,-12.0,92.3,100.1,69921361.0,4828.1,1.43,0.547,27055.0,105.38,104.26,5456.5,3689332.6,1611162.9,110.89,107.1,101.6,610.73,63.2,0.321,94.9,3.08,1577303.4,100.992,97.134,97.238,169583.6,96.7,103.1,95.41,95.5,1369705.8,3.5,117.85,103.1,1.59,0.5
2020-05-01,100.1,99.94,97.3,0.5,100.51,0.75,4717427.3,2508905.0,73.0,-18.5,96.7,100.3,67154607.0,4067.0,1.27,0.538,27090.0,106.09,109.34,282.4,3715549.6,1611162.9,108.3,115.32,101.9,569.07,63.2,0.269,94.9,2.91,1590110.4,103.929,99.777,99.75,170673.5,96.7,105.5,99.93,94.18,1379617.3,3.4,118.31,103.0,1.35,0.5
2020-06-01,96.4,99.44,96.8,0.5,100.37,0.5,4737079.2,2517948.1,74.0,-3.6,92.9,100.4,59686650.0,4743.3,1.07,0.538,27184.0,108.79,105.2,4445.0,3734492.8,1637351.8,107.27,111.48,102.0,713.68,63.3,0.257,94.9,2.82,1602332.9,103.104,99.002,99.053,168653.6,100.6,101.8,96.88,93.36,1375816.2,3.4,118.63,103.1,0.17,0.5
2020-07-01,97.6,99.71,96.5,0.5,100.65,0.5,4777785.2,2524352.2,72.0,-20.1,90.3,101.0,58844315.0,3967.8,0.89,0.538,26638.0,106.38,108.23,6292.2,3750344.5,1637351.8,108.99,103.26,103.1,737.97,63.0,0.299,94.9,2.72,1600280.5,102.158,98.711,98.682,173414.7,100.6,96.5,99.77,94.42,1394987.3,3.9,118.37,103.1,0.2,0.5
2020-08-01,98.3,99.63,96.2,0.0,101.02,0.5,4819306.4,2550186.4,69.0,-155.0,94.5,101.5,65011734.0,5155.4,0.82,0.033,26232.0,106.01,97.78,6746.7,3788691.4,1682332.2,108.1,111.8,103.4,815.3,63.3,0.332,95.0,2.7,1607666.5,106.231,101.898,101.899,170778.8,101.1,98.2,89.3,104.66,1384871.9,4.3,117.58,102.4,0.18,0.5
2020-09-01,100.4,100.19,96.0,0.0,100.69,0.5,4837855.8,2552413.4,69.0,-3.2,88.1,100.9,64039367.0,5674.8,0.81,0.033,26346.0,107.46,96.15,3804.4,3802494.2,1682332.2,106.55,108.39,100.0,848.24,63.2,0.312,95.2,2.63,1614141.4,102.666,99.618,99.618,175158.7,101.1,99.1,87.75,103.2,1405014.3,4.2,118.23,101.8,0.15,0.5
2020-10-01,100.7,100.74,95.9,0.0,99.8,0.5,4854385.7,2570410.5,73.0,-33.3,92.5,100.0,66802467.0,5315.1,0.88,0.033,26805.0,106.56,108.98,5199.2,3835453.4,1682332.2,100.85,99.69,98.6,848.15,63.3,0.303,95.6,2.66,1617556.6,104.929,102.042,102.057,174807.1,101.1,100.2,103.33,101.02,1425960.8,4.2,118.82,101.9,0.13,0.5
2020-11-01,102.6,100.18,95.7,1.4,98.96,0.5,4887764.2,2582127.4,74.0,0.5,98.4,98.2,64447280.0,5824.5,0.88,1.353,27038.0,104.36,81.1,10731.7,3858688.9,1728526.6,98.97,107.22,96.0,792.65,63.3,0.294,95.8,2.66,1627414.0,104.315,101.64,101.636,175875.9,101.6,99.7,88.45,101.53,1421596.2,3.9,119.2,101.3,0.12,0.5
2020-12-01,98.7,100.09,95.5,1.4,99.47,0.5,4908648.7,2586775.9,73.0,-4.6,92.3,98.5,66934921.0,5479.1,0.9,1.353,27322.0,102.11,91.64,5417.1,3874964.2,1728526.6,101.41,103.93,98.8,886.11,63.2,0.322,95.9,2.71,1637077.7,102.26,101.559,101.547,176081.4,101.6,99.6,96.89,101.79,1430197.5,4.2,119.36,101.4,0.16,0.5
2021-01-01,98.4,100.33,95.3,1.4,99.69,0.5,4946109.8,2606774.3,74.0,-17.4,91.5,98.8,66713031.0,4608.5,0.9,1.353,27408.0,102.82,99.41,5617.6,3905969.2,1728526.6,100.57,111.7,99.8,968.42,63.3,0.343,95.9,2.74,1643100.4,104.534,104.277,104.291,179985.1,101.6,101.1,102.01,102.67,1454392.5,4.3,119.41,101.5,0.17,0.5
2021-02-01,96.7,101.04,95.1,0.3,100.18,0.5,4973100.1,2620523.2,73.0,-91.4,93.4,99.4,66272495.0,5547.5,0.87,0.271,27383.0,102.12,93.29,680.5,3932540.7,1765627.6,99.49,109.72,99.6,928.73,63.3,0.311,95.9,2.72,1648646.7,102.5,100.5,100.5,176685.8,103.7,102.0,95.43,103.05,1447588.8,4.1,119.34,101.0,0.14,0.5
2021-03-01,93.1,101.58,94.8,0.3,100.38,0.5,5011070.4,2644959.4,69.0,-36.5,94.3,100.1,65713035.0,4894.4,0.85,0.271,27358.0,103.05,112.33,5423.9,3963836.2,1765627.6,98.37,94.8,100.9,913.94,63.2,0.311,96.0,2.74,1659345.1,99.2,96.7,96.7,182433.0,103.7,100.3,114.44,102.71,1471688.5,4.1,119.45,101.7,0.11,0.5
2021-04-01,97.8,101.84,94.3,0.3,99.98,0.5,5027294.2,2662001.2,72.0,-12.7,92.4,100.7,64652428.0,6048.2,0.86,0.271,27404.0,101.41,105.56,7532.3,3992136.9,1765627.6,96.2,107.93,101.5,956.17,63.2,0.338,96.4,2.77,1669791.4,103.1,101.4,101.4,182221.4,103.7,100.3,107.79,100.69,1481331.9,4.6,119.96,101.3,0.1,0.5
2021-05-01,99.5,101.98,93.3,1.0,100.06,0.5,5064955.4,2682026.6,73.0,-16.1,95.6,101.5,61415123.0,1671.2,0.84,0.955,27509.0,99.7,109.25,2524.3,4019666.8,1809244.9,96.19,88.84,102.5,983.45,63.4,0.35,96.9,2.74,1687139.0,89.8,90.4,90.4,183138.6,105.5,101.9,110.42,99.42,1486029.5,4.1,120.62,100.5,0.11,0.5
2021-06-01,101.9,102.05,91.7,1.0,100.84,0.5,5100247.0,2710328.8,74.0,-5.0,94.4,101.6,69188212.0,5431.7,0.83,0.955,27515.0,100.28,118.65,7162.1,4053726.3,1809244.9,98.16,91.86,101.5,981.78,63.5,0.342,97.5,2.72,1700073.0,95.9,96.6,96.6,183264.3,105.5,103.8,116.94,97.77,1510877.0,4.0,121.47,101.0,0.1,0.5
2021-07-01,101.4,102.05,89.3,1.0,101.96,0.5,5144638.7,2716614.0,76.0,-16.2,100.2,101.5,70289565.0,6504.0,0.94,0.955,27154.0,100.36,108.86,11224.1,4061769.9,1809244.9,101.79,99.82,101.7,1029.96,63.7,0.35,98.1,2.77,1698612.9,98.5,98.9,98.9,186955.0,105.5,104.4,103.05,98.96,1515519.5,3.8,122.47,100.7,0.09,0.75
2021-08-01,105.2,102.26,86.0,-1.4,102.8,0.5,5177544.4,2743827.9,75.0,-7.6,94.4,101.8,72183940.0,6247.4,0.97,-1.367,26800.0,100.3,105.87,5291.8,4090052.0,1844021.5,106.28,91.39,103.7,1031.14,63.9,0.353,98.4,2.77,1708763.3,98.1,99.6,99.6,190498.8,107.3,104.8,96.99,100.19,1503576.8,3.8,123.45,100.1,0.1,0.75
2021-09-01,97.7,102.75,82.2,-1.4,103.89,0.75,5201899.1,2776793.5,65.0,4.8,95.5,102.4,70107896.0,6401.2,1.03,-1.367,26838.0,100.26,125.1,10720.5,4126742.8,1844021.5,109.97,99.8,104.4,1038.33,63.6,0.359,98.7,2.87,1717155.8,103.0,104.4,104.4,190732.0,107.3,105.3,110.62,99.33,1542733.8,3.7,124.6,100.4,0.1,0.75
2021-10-01,79.0,103.17,78.3,-1.4,104.88,0.75,5229439.3,2798640.8,54.0,-13.9,100.6,103.4,71830819.0,13383.8,1.17,-1.367,26609.0,97.88,121.87,18750.9,4148017.1,1844021.5,109.72,100.16,104.0,1003.27,62.4,0.358,98.6,2.96,1746398.9,103.5,103.8,103.8,195289.8,107.3,104.9,105.24,97.77,1577106.3,3.3,125.2,96.5,0.1,1.0
2021-11-01,78.1,103.35,74.0,-2.6,105.45,0.75,5319529.2,2898342.4,53.0,-18.4,96.1,103.8,69232090.0,8754.9,1.29,-2.642,26930.0,97.42,120.86,10839.1,4234429.4,1861315.1,112.98,103.35,104.4,992.33,62.2,0.345,98.5,3.07,1799569.0,103.7,104.6,104.6,202517.9,107.5,104.3,103.98,96.5,1603459.7,3.4,125.46,85.1,0.11,1.0
2021-12-01,82.4,103.87,74.1,-2.6,106.01,1.0,5356309.6,2919411.8,56.0,-9.8,102.3,103.9,71235370.0,11921.3,1.57,-2.642,27055.0,97.99,128.8,8879.3,4251321.1,1861315.1,116.05,114.91,105.0,965.63,62.3,0.344,99.0,3.23,1805731.6,104.1,105.4,105.4,206905.3,107.5,105.8,107.83,97.24,1627424.3,3.1,125.8,90.7,0.14,1.25
2022-01-01,84.8,104.04,75.6,2.3,107.04,1.0,5399815.1,2939115.7,62.0,-4.9,101.4,104.2,73520115.0,9499.7,1.7,2.26,27106.0,100.16,130.69,4154.1,4272963.3,1861315.1,120.23,114.99,105.1,1033.98,62.4,0.335,99.6,3.25,1819923.2,103.5,105.9,105.9,207841.4,107.5,106.6,105.95,96.1,1605319.2,3.3,126.84,94.1,0.17,1.25
2022-02-01,88.8,104.85,78.1,2.3,107.6,1.25,5406030.7,2957901.9,66.0,-40.9,97.6,104.4,74438865.0,8136.7,1.65,2.26,27085.0,103.68,126.02,7296.4,4290367.3,1861205.5,121.79,109.67,105.0,872.87,62.4,0.3,100.4,3.45,1837915.6,106.8,109.0,109.0,211102.2,106.2,108.6,100.77,92.75,1617027.1,3.1,127.47,95.0,0.22,1.25
2022-03-01,80.0,105.42,81.1,2.3,108.0,1.25,5451952.6,2982103.5,64.0,-14.6,108.1,104.7,75912264.0,7587.3,1.7,2.26,27012.0,107.43,133.18,9354.2,4318742.8,1861205.5,124.58,128.65,106.1,881.07,62.4,0.292,101.1,3.51,1852162.6,105.2,107.6,107.5,214152.3,106.2,108.0,106.7,92.05,1652467.0,3.2,127.86,95.0,0.38,1.5
2022-04-01,92.3,106.1,84.5,1.5,109.12,1.25,5485043.1,3013051.7,74.0,-5.7,96.6,105.1,75016955.0,6213.5,1.74,1.513,27088.0,110.26,132.29,416.8,4351610.2,1861205.5,131.11,130.93,106.7,944.53,62.6,0.311,101.7,3.5,1873103.1,103.9,106.4,106.4,215092.9,106.2,108.7,103.82,93.69,1651169.2,3.2,128.93,95.8,0.73,1.75
2022-05-01,98.8,106.83,87.9,1.5,109.9,1.5,5538855.1,3039765.8,78.0,-4.0,98.9,105.7,65605580.0,10891.9,1.87,1.513,27241.0,112.29,138.64,8225.7,4374855.6,1866565.0,129.82,123.88,108.3,904.75,62.8,0.318,102.4,3.57,1893044.7,103.1,105.4,105.4,218209.0,105.3,106.8,105.02,91.98,1671040.1,2.9,130.11,96.1,0.91,1.75
2022-06-01,90.5,107.5,91.2,1.5,109.88,1.75,5579982.3,3052959.4,75.0,43.5,104.8,106.6,75417792.0,7033.9,2.02,1.513,26526.0,113.36,144.75,5799.9,4396870.9,1866565.0,127.23,128.88,109.5,893.36,62.3,0.336,103.0,3.68,1893716.2,103.5,106.5,106.4,220416.4,105.3,108.9,109.81,91.76,1697818.1,2.8,131.85,97.4,1.33,2.25
2022-07-01,95.0,108.21,94.4,1.6,111.04,1.75,5618069.8,3082103.7,77.0,-8.6,113.2,107.5,78493191.0,6490.8,2.41,1.594,25818.0,117.77,133.66,8864.3,4434676.5,1866565.0,132.86,137.89,110.1,745.44,61.9,0.323,103.7,3.9,1911098.6,105.8,108.9,108.9,223631.7,105.3,111.4,103.82,88.44,1681058.4,2.8,132.59,97.9,1.87,2.5
2022-08-01,97.2,108.73,97.4,1.6,111.57,2.25,5657845.7,3112805.6,76.0,-0.6,109.6,107.8,84787819.0,5849.5,2.93,1.594,26365.0,119.27,127.41,5715.2,4478049.6,1869113.3,138.93,132.72,108.3,803.62,62.5,0.304,104.3,4.21,1926681.1,105.0,109.3,109.3,228003.8,106.5,112.2,95.72,89.98,1719051.3,2.9,134.05,94.7,2.5,2.5
2022-09-01,100.4,108.63,100.1,1.6,113.27,2.5,5708482.6,3139751.8,83.0,2.1,109.9,107.8,79395263.0,6869.7,2.98,1.594,26923.0,120.73,152.14,9210.8,4516941.7,1869113.3,149.45,133.6,109.7,807.04,62.8,0.276,105.0,4.52,1937175.1,104.6,108.8,108.7,231954.5,106.5,112.7,110.04,89.42,1747379.4,2.9,135.89,97.4,2.76,3.0
2022-10-01,102.3,108.82,102.4,1.4,115.1,2.5,5812133.0,3176515.7,88.0,-4.0,118.2,107.6,82207664.0,4619.5,3.38,1.356,27214.0,123.42,139.04,6069.1,4540740.3,1869113.3,148.6,139.29,110.7,672.65,62.8,0.197,105.7,4.71,1960962.0,105.5,109.4,109.4,231119.1,106.5,113.0,95.57,86.82,1735830.6,3.0,135.87,97.6,3.21,3.25
2022-11-01,105.5,109.16,104.2,1.4,115.92,3.0,5763988.6,3208328.8,88.0,-2.2,108.5,108.0,81112499.0,5705.6,4.01,1.356,27550.0,122.27,145.18,6268.3,4559877.3,1865404.9,154.23,147.64,110.8,695.33,62.8,0.081,106.4,5.26,1963575.1,107.4,111.0,110.9,234348.0,105.0,114.4,100.78,88.12,1750230.4,2.8,135.82,98.5,3.85,3.25
2022-12-01,110.9,109.07,105.6,1.4,116.57,3.25,5823749.3,3219485.9,88.0,78.1,114.9,108.4,82343480.0,4980.6,4.29,1.356,27637.0,120.78,137.94,7115.8,4587718.5,1865404.9,155.09,158.09,111.4,729.54,62.9,-0.005,107.0,5.64,1971439.5,111.7,115.5,115.4,240628.4,105.0,114.5,94.74,87.6,1788854.5,2.9,136.12,98.8,4.46,3.5
2023-01-01,103.4,109.26,106.6,0.0,116.9,3.25,5864888.7,3257056.3,87.0,21.7,116.8,108.9,83378034.0,6248.2,4.22,-0.016,27648.0,122.23,140.66,-67.9,4631059.7,1865404.9,151.0,155.81,112.0,679.29,62.7,-0.032,107.1,5.57,1992402.0,112.0,116.0,115.9,240311.6,105.0,114.2,96.93,88.89,1781100.6,2.9,136.67,99.3,4.51,3.5
2023-02-01,102.7,110.07,107.3,0.0,116.45,3.5,5918245.1,3293240.3,87.0,-135.4,109.9,109.6,80536440.0,6719.1,3.83,-0.016,27603.0,124.89,135.14,7450.2,4660369.1,1850744.4,149.68,138.78,110.9,740.49,62.8,-0.036,107.1,5.46,2005346.5,110.2,114.3,114.2,243008.5,104.9,114.1,97.15,88.09,1806536.3,2.8,136.53,99.1,4.61,3.5
2023-03-01,104.1,110.33,107.7,0.0,116.53,3.5,5956308.2,3314910.6,84.0,15.8,101.7,109.9,84793096.0,7726.2,3.54,-0.016,27683.0,132.6,136.49,6403.8,4700587.7,1850744.4,154.7,165.76,110.8,791.6,62.9,-0.021,107.0,5.32,2020839.2,110.3,115.0,115.0,243535.3,104.9,114.6,99.95,87.46,1824689.3,2.7,136.11,97.9,4.74,3.5
2023-04-01,107.3,110.52,108.0,1.8,117.13,3.5,5983874.8,3350841.4,86.0,7.2,100.7,110.0,80255412.0,4878.1,3.56,1.753,27741.0,134.57,123.64,723.7,4731903.5,1850744.4,156.5,155.99,110.1,847.52,63.0,0.008,106.9,5.17,2037461.7,108.0,112.9,112.9,251851.3,104.9,113.6,93.05,88.72,1829403.9,2.7,137.2,99.2,4.91,3.5
2023-05-01,108.2,110.77,108.1,1.8,116.75,3.5,6062091.9,3394545.9,86.0,-0.6,108.7,109.9,75947115.0,3013.9,3.43,1.753,27795.0,138.64,122.79,2967.5,4779713.2,1858832.8,147.92,163.51,111.4,842.83,63.0,0.015,106.8,5.01,2050751.0,106.0,111.5,111.5,250785.9,105.0,115.7,93.45,87.73,1842285.6,2.7,137.96,99.9,5.03,3.5
2023-06-01,104.2,111.13,107.9,1.8,116.27,3.5,6146477.4,3411438.0,87.0,-37.8,111.4,109.4,84820483.0,2889.2,3.56,1.753,27298.0,140.0,127.09,3711.3,4815758.8,1858832.8,138.28,155.23,109.5,856.94,63.3,0.043,107.0,5.12,2050701.6,106.7,112.8,112.7,253646.7,105.0,115.2,97.73,87.05,1869023.7,2.7,138.42,99.6,5.15,3.5
2023-07-01,104.9,111.16,107.5,0.5,116.69,3.5,6163021.6,3449516.3,86.0,-52.5,117.5,109.2,83418032.0,72.2,3.69,0.467,26953.0,136.54,109.39,-1102.1,4859388.1,1858832.8,135.29,168.97,108.9,868.24,63.3,0.051,107.4,5.17,2062119.2,105.6,111.7,111.6,256933.6,105.0,114.8,85.72,87.96,1849700.4,2.6,139.12,99.2,5.22,3.5
2023-08-01,103.4,111.29,106.8,0.5,116.91,3.5,6188612.2,3487090.3,85.0,74.7,108.8,109.6,87729066.0,-4478.7,3.68,0.467,27402.0,134.73,118.24,937.8,4888347.0,1875807.6,137.95,170.77,110.6,935.97,63.7,0.063,107.5,5.11,2066672.9,101.8,107.3,107.3,256996.4,103.3,115.4,92.09,87.27,1883180.7,2.5,139.47,99.8,5.35,3.5
2023-09-01,103.6,112.28,105.9,0.5,117.05,3.5,6215739.4,3490107.7,83.0,46.5,106.1,110.2,84836568.0,149.8,3.65,0.467,27754.0,138.52,131.25,2027.2,4912062.9,1875807.6,139.0,157.88,111.2,928.4,63.6,0.106,107.7,5.1,2074329.4,101.5,107.2,107.2,258769.5,103.3,116.3,101.58,89.22,1903613.6,2.6,139.92,100.4,5.44,3.5
2023-10-01,104.3,112.85,104.9,1.0,116.96,3.5,6262424.5,3501103.0,86.0,-26.3,103.9,110.6,85410812.0,-1933.3,3.81,0.998,28078.0,140.12,116.47,1287.6,4920690.4,1875807.6,139.58,153.04,110.2,841.02,63.8,0.128,107.8,5.17,2087389.2,99.6,104.2,104.2,263435.6,103.3,116.2,91.72,90.85,1897971.8,2.9,140.19,100.5,5.49,3.5
2023-11-01,103.1,113.27,103.6,1.0,116.53,3.5,6311151.8,3531043.0,86.0,-26.5,112.3,111.0,84372750.0,-2537.0,3.95,0.998,28485.0,132.49,123.81,-268.7,4953427.6,1882633.9,135.35,152.49,112.2,736.1,64.0,0.158,108.3,5.24,2102225.0,100.2,104.6,104.6,263479.0,103.8,116.7,97.71,91.48,1920415.4,2.7,140.8,100.4,5.46,3.5
2023-12-01,96.6,112.68,102.2,1.0,116.27,3.5,6332429.4,3551521.2,82.0,23.1,116.1,111.2,86003954.0,490.8,3.99,0.998,28478.0,124.37,125.27,2992.1,4987007.7,1882633.9,130.16,154.27,111.8,831.68,64.0,0.157,108.6,5.26,2110428.8,96.5,100.1,100.1,264156.2,103.8,117.2,102.02,91.11,1946585.8,2.8,141.15,100.0,5.41,3.5
2024-01-01,85.7,112.73,100.8,0.3,116.53,3.5,6378823.8,3568802.1,80.0,43.7,115.2,111.1,87719678.0,-3580.0,3.85,0.258,28475.0,120.65,118.78,-6234.5,5016610.5,1882633.9,130.43,152.78,111.1,866.57,64.1,0.148,108.6,5.14,2121837.3,99.7,102.7,102.6,273059.3,103.8,116.6,98.44,89.48,1925520.4,2.6,141.1,100.2,5.32,3.5
2024-02-01,88.5,113.17,99.3,0.3,117.5,3.5,6425533.7,3600817.0,81.0,-11.2,121.1,111.2,87293909.0,-1948.3,3.67,0.258,28410.0,121.58,122.63,3821.3,5059011.7,1879403.3,135.83,142.82,112.7,799.24,64.0,0.131,108.8,5.04,2130684.5,98.4,102.0,102.0,266565.0,102.6,117.2,100.99,88.92,1932799.0,2.8,140.81,100.1,5.26,3.5
2024-03-01,91.3,113.78,97.9,0.3,118.03,3.5,6454604.1,3609736.9,78.0,6.8,113.8,111.3,86873960.0,-177.9,3.63,0.258,28389.0,124.12,129.76,-1737.7,5076881.5,1879403.3,139.83,154.62,114.0,862.96,64.1,0.134,109.0,4.85,2140254.9,101.9,106.2,106.2,265461.4,102.6,117.5,105.4,89.03,1958348.3,2.8,140.67,100.3,5.22,3.5
2024-04-01,88.6,113.95,96.6,-0.4,117.86,3.5,6462890.5,3632494.2,76.0,23.9,117.5,111.7,87232562.0,899.8,3.58,-0.4,28418.0,124.41,126.28,-4127.0,5084467.8,1879403.3,141.07,134.1,113.1,905.5,64.1,0.166,109.2,4.85,2158295.5,100.6,104.4,104.4,271637.2,102.6,117.3,100.72,90.95,1967290.0,2.8,141.44,100.3,5.29,3.5
2024-05-01,86.2,114.01,95.4,-0.4,117.41,3.5,6515833.8,3680544.2,75.0,62.0,117.0,112.1,80913256.0,1578.6,3.53,-0.4,28421.0,122.48,131.52,736.2,5125168.4,1892719.1,135.04,139.43,114.0,868.93,64.0,0.178,109.1,4.77,2173145.2,104.0,108.9,108.9,261919.3,101.9,117.8,105.33,91.34,1970661.1,2.7,142.32,100.0,5.33,3.5
2024-06-01,89.7,114.1,94.5,-0.4,117.56,3.5,6532834.3,3682296.1,74.0,-3.5,115.0,112.0,86623817.0,1232.0,3.55,-0.4,27808.0,118.5,131.17,4368.2,5137763.8,1892719.1,132.89,136.5,113.2,839.98,64.0,0.183,108.9,4.78,2165861.1,100.8,106.2,106.1,262847.6,101.9,117.1,106.0,91.8,1958013.6,2.8,143.24,98.8,5.33,3.5
2024-07-01,90.4,113.84,93.9,0.2,118.19,3.5,6501904.9,3689950.1,69.0,40.3,105.0,112.4,86930232.0,1882.7,3.51,0.222,27363.0,118.5,126.58,3798.8,5121319.5,1892719.1,136.27,125.63,113.7,840.44,63.8,0.19,108.9,4.71,2168698.3,98.7,104.3,104.3,259321.7,101.9,118.0,103.19,92.66,1905400.8,2.8,143.79,99.5,5.28,3.5
2024-08-01,89.8,114.13,93.5,0.2,118.55,3.5,6514722.5,3695098.8,69.0,164.9,110.3,112.6,89871138.0,6930.4,3.41,0.222,27714.0,123.35,122.48,6623.0,5110834.9,1911441.0,137.63,130.89,114.7,803.15,64.0,0.198,108.8,4.55,2170233.0,102.1,108.8,108.8,259425.2,102.3,117.2,99.49,91.35,1934319.9,2.8,144.03,99.7,5.31,3.5
2024-09-01,91.7,114.54,93.3,0.2,118.82,3.5,6530865.9,3681932.9,72.0,1.2,108.4,112.6,87217014.0,4696.7,3.35,0.222,28223.0,125.53,132.73,4747.6,5118781.6,1911441.0,138.31,131.46,112.4,767.66,64.3,0.196,109.0,4.48,2171145.4,103.1,111.4,111.3,256882.5,102.3,117.1,107.53,92.09,1941239.7,2.8,144.08,100.0,5.12,3.25
2024-10-01,94.9,114.65,93.3,0.7,119.16,3.5,6551420.5,3668575.3,72.0,-28.8,109.6,112.6,90054571.0,7837.0,3.4,0.686,28432.0,126.37,131.47,9583.1,5121564.7,1911441.0,143.57,136.93,114.5,763.88,64.2,0.194,109.0,4.62,2177578.1,103.0,109.5,109.5,257606.5,102.3,117.2,105.68,93.0,1921118.3,2.7,144.25,100.3,4.86,3.0
2024-11-01,97.9,114.69,93.4,0.7,119.25,3.25,6556446.0,3660134.7,76.0,-2.6,109.5,112.4,88498992.0,6527.5,3.37,0.686,28835.0,122.08,136.08,3170.3,5120044.2,1922706.5,141.77,133.42,114.1,743.06,64.3,0.196,109.5,4.67,2187357.9,103.3,111.4,111.4,262095.7,101.7,117.6,108.3,91.83,1926861.5,2.6,144.37,100.0,4.62,3.0
2024-12-01,100.7,114.4,93.6,0.7,119.23,3.0,6615699.7,3677190.3,76.0,-5.3,113.6,112.6,89098987.0,6651.9,3.35,0.686,28812.0,120.84,135.16,7332.7,5147542.7,1922706.5,142.64,136.1,113.1,678.19,64.4,0.188,110.1,4.76,2197685.5,100.7,110.1,110.0,260377.1,101.7,116.7,108.57,92.35,1968232.6,2.6,144.6,99.2,4.53,3.0
2025-01-01,103.4,114.91,93.7,1.0,119.56,3.0,6614855.8,3706867.0,74.0,7.6,101.8,112.2,91062376.0,8841.8,3.21,0.956,28686.0,124.59,136.35,3329.0,5173665.3,1922706.5,143.28,140.93,112.5,678.19,64.4,0.176,110.8,4.64,2210386.9,101.8,109.1,109.1,265201.7,101.7,118.3,109.91,92.96,1944908.0,2.8,144.76,99.9,4.46,2.75
2025-02-01,103.2,115.71,93.7,1.0,119.38,3.0,6636633.9,3705542.3,71.0,-10.9,102.1,112.4,89563030.0,6783.4,3.07,0.956,28678.0,126.54,132.3,6362.5,5181038.6,1924971.5,138.23,123.87,114.3,728.29,64.3,0.16,111.0,4.53,2222860.5,103.6,111.9,111.9,263391.8,102.3,118.1,106.24,92.84,1959811.0,2.8,144.68,99.9,4.33,2.75
2025-03-01,99.7,116.08,93.7,1.0,119.16,2.75,6643657.2,3711125.5,73.0,34.1,107.4,112.6,92138198.0,7430.9,2.97,0.956,28698.0,126.94,135.66,11904.2,5202445.0,1924971.5,134.67,133.74,113.6,743.96,64.4,0.158,111.3,4.46,2238147.8,100.3,108.2,108.1,262519.1,102.3,119.0,110.75,93.25,1976365.2,3.1,144.74,100.0,4.34,2.75
2025-04-01,98.0,116.29,93.7,0.7,119.01,2.75,6652303.6,3725384.7,70.0,-6.5,111.1,113.2,87469896.0,5386.6,2.84,0.731,28764.0,132.55,133.9,-6276.2,5217303.8,1924971.5,137.55,140.94,114.9,672.85,64.4,0.177,111.9,4.36,2253613.6,104.0,111.8,111.7,262502.7,102.3,118.2,110.62,93.89,1962956.4,2.8,145.68,99.5,4.29,2.5
2025-05-01,97.1,116.38,93.7,0.7,119.1,2.75,6736627.6,3753198.7,70.0,-0.1,108.2,113.1,85743877.0,9378.6,2.71,0.731,28698.0,131.78,131.0,4385.8,5259209.5,1949977.5,138.8,137.0,113.5,717.24,64.5,0.18,112.3,4.19,2266755.9,103.3,112.4,112.3,258879.8,101.7,119.3,108.36,92.26,1981278.7,2.8,146.33,99.9,4.32,2.5
2025-06-01,99.5,116.27,93.8,0.7,119.52,2.5,6842950.9,3746265.4,70.0,-1.1,112.9,113.1,89494059.0,10046.3,2.63,0.731,28093.0,132.88,141.3,15421.8,5329483.2,1949977.5,141.98,126.04,115.1,734.35,64.6,0.176,112.8,4.17,2266468.8,102.2,111.0,110.9,262620.4,101.7,118.9,118.27,92.61,1993056.0,2.8,146.66,99.6,4.29,2.5
2025-07-01,101.5,116.31,93.8,1.0,120.27,2.5,6851269.6,3737150.0,69.0,42.9,103.0,112.9,89835960.0,7990.5,2.55,1.013,27743.0,133.88,112.86,8982.8,5337303.2,1949977.5,145.08,135.82,114.1,781.5,64.6,0.191,113.2,4.09,2275754.9,99.0,107.8,107.7,264486.8,101.7,119.2,95.29,93.65,1964188.4,2.7,147.12,98.3,4.31,2.5
2025-08-01,101.7,116.52,93.9,1.0,120.33,2.5,6882196.0,3762421.4,68.0,-3.5,113.2,113.2,92978038.0,7070.1,2.51,1.013,28043.0,130.08,123.31,3769.7,5379595.3,1964814.7,143.6,137.86,114.6,805.24,64.6,0.187,113.7,4.06,2286010.8,103.0,113.5,113.4,265059.1,102.9,118.8,102.74,94.54,2013610.0,2.7,147.42,99.3,4.28,2.5
2025-09-01,100.5,116.45,93.9,1.0,120.36,2.5,6928310.6,3804502.7,69.0,133.7,105.9,113.6,90800961.0,9452.0,2.49,1.013,28396.0,126.77,133.44,13608.9,5423977.2,1964814.7,143.04,134.15,115.3,796.91,64.5,0.191,113.9,4.06,2295440.4,102.0,112.8,112.7,268903.9,102.9,120.0,111.71,95.77,2049930.9,2.7,147.93,99.5,4.22,2.5
2025-11-01,100.6,117.06,94.0,-0.2,120.14,2.5,6925941.0,3808016.6,71.0,94.0,109.6,113.9,94958632.0,8696.5,2.52,-0.151,28693.0,128.54,135.18,12382.9,5453997.0,1964814.7,139.82,140.02,115.1,841.99,64.7,0.197,114.5,4.03,2312960.6,102.8,114.5,114.4,267172.7,102.9,119.8,114.87,94.74,2000338.5,2.7,148.15,99.3,4.1,2.5
2025-12-01,98.2,117.2,94.0,-0.2,119.64,2.5,6941634.4,3809604.3,73.0,-8.0,104.1,113.7,91516719.0,9426.5,2.81,-0.151,28915.0,130.57,133.41,10584.3,5457969.9,1979088.4,134.61,129.76,114.0,912.67,64.5,0.203,114.8,4.15,2327198.0,100.4,111.5,111.4,269683.2,103.5,119.1,114.69,94.35,2015348.6,2.8,148.58,99.9,3.86,2.5
2026-01-01,100.7,117.57,93.9,-0.2,119.77,2.5,7000861.2,3810925.3,74.0,4.7,109.6,114.1,95364571.0,9469.9,2.9,-0.151,28907.0,133.56,139.04,12412.3,5493904.5,1979088.4,133.73,138.58,116.0,925.47,64.5,0.207,115.2,4.19,2338124.2,102.7,115.8,115.7,269724.2,103.5,121.3,120.62,95.3,2054718.5,2.7,148.95,99.9,3.74,2.5
2026-02-01,103.6,118.03,93.7,0.1,120.19,2.5,7059513.5,3823612.1,72.0,-0.6,118.9,114.3,93613206.0,9156.7,2.79,0.055,28857.0,135.31,141.97,654.8,5532011.8,1993110.8,134.84,131.11,115.6,1149.44,64.4,0.195,115.4,4.24,2352799.6,101.6,113.8,113.7,274491.0,106.0,121.5,121.07,98.24,2026573.5,2.8,148.64,99.0,3.63,2.5
