date,base_rate,unemployment,coincident,leading_price,ESI,export_price,manufacturing_capacity_utilization,economic_growth_rate,CCSI,us_industrial_production,kosdaq_index,capital_account,us_policy_rate,land_price_change,GDP,current_account,us_CPI,employment,business_survey,industrial_production,capital_investment,CPI,monetary_base,broad_money,terms_of_trade,export_value,retail_sales,labor_force_participation_rate,credit_card_spending,manufacturing_production,manufacturing_output,service_production,PPI,financial_institution_liquidity,broad_liquidity,deposit_rate,loan_rate,total_deposits,loans_outstanding,import_price,terms_of_income_trade,import_value,financial_account,household_credit
200001,4.75,5.0,46.5,50.3,,141.31,108.883,1.995,,90.7,,-7.9,5.95,,2.0,1403.5,77.41,20210.0,,52.5,52.0,62.456,,,184.0,28.92,51.6,61.0,,44.949,44.787,55.0,76.45,,,7.15,8.59,326441.0,256737.6,75.71,37.74,32.57,-734.3,
200002,5.0,4.8,46.7,50.5,,137.81,108.079,1.995,,90.9,,0.9,6.01,,2.0,-145.1,77.87,20235.0,,52.6,53.8,62.647,,,187.18,28.88,51.6,60.9,,44.872,44.714,55.0,76.26,,,7.24,8.64,343188.4,259581.8,76.03,37.17,30.85,683.0,
200003,5.0,4.5,47.1,50.7,,135.3,109.169,1.995,,91.3,,1.0,6.14,,2.0,261.6,78.51,20696.0,,53.6,55.3,62.962,,,181.99,33.15,51.6,61.0,,45.293,45.124,55.6,76.21,,,7.24,8.79,347710.3,266964.5,75.99,42.37,36.48,-402.7,
200004,5.0,4.5,47.5,50.6,,133.88,107.281,1.541,,91.8,,0.6,6.28,,1.5,-450.2,78.56,21115.0,,53.4,59.6,62.709,,,178.94,31.13,53.5,60.9,,44.922,44.734,55.0,75.84,,,7.19,8.61,357049.8,277224.1,73.99,39.42,34.5,-45.3,
200005,5.0,4.4,48.0,50.7,,134.99,112.181,1.541,,92.1,,0.0,6.71,,1.5,1201.5,78.65,21420.0,,54.9,56.4,62.393,,,181.33,33.92,53.5,61.1,,46.63,46.448,56.2,75.66,,,7.06,8.62,363953.3,285120.7,75.57,43.7,34.14,789.8,
200006,5.0,4.2,48.5,50.9,,136.87,109.479,1.541,,92.1,,3.4,6.73,,1.5,1667.0,79.06,21476.0,,55.1,55.9,62.709,,,179.83,35.17,53.5,61.0,,46.057,45.875,57.0,75.84,,,7.01,8.49,376367.6,288363.9,76.78,44.89,34.0,1134.5,
200007,5.0,4.1,49.2,51.1,,138.47,113.651,2.746,,91.9,,-0.1,6.67,,2.7,290.0,79.25,21616.0,,55.7,55.9,62.962,,,179.5,34.09,54.2,61.3,,47.655,47.467,56.9,75.92,,,6.98,8.51,376827.8,296559.6,75.94,42.79,35.34,-79.6,
200008,5.0,4.2,49.5,51.5,,139.76,114.029,2.746,,91.7,,-1.7,6.61,,2.7,2123.8,79.25,21380.0,,55.4,61.9,63.277,,,183.16,34.67,54.2,61.4,,48.454,48.28,56.4,75.92,,,6.96,8.41,382005.3,301499.2,76.0,43.78,34.58,826.6,
200009,5.0,4.5,49.7,51.3,,139.13,110.925,2.746,,92.1,,12.8,6.6,,2.7,1548.9,79.66,21561.0,,54.9,57.3,64.098,,,184.52,35.72,54.2,61.5,,47.244,47.073,56.4,76.17,,,6.83,8.43,383965.1,303973.2,77.85,45.08,34.46,2663.3,
200010,5.25,4.1,49.7,50.8,,135.79,109.83,-0.332,,91.7,,11.3,6.67,,-0.3,616.0,79.8,21731.0,,54.9,57.0,64.035,,,179.17,35.88,53.3,61.5,,46.813,46.633,56.5,76.09,,,6.88,8.51,388939.4,310064.9,78.3,44.36,36.39,1822.4,
200011,5.25,4.2,49.8,49.8,,132.87,108.563,-0.332,,91.8,,8.8,6.65,,-0.3,571.6,79.84,21566.0,,54.4,53.0,63.656,,,173.36,34.52,53.3,61.3,,46.17,45.993,56.9,76.06,,,6.82,8.53,396237.6,314745.1,79.32,42.75,36.69,1209.2,
200012,5.25,4.3,49.8,49.3,,136.76,107.863,-0.332,,91.5,,9.3,6.45,,-0.3,1092.2,79.8,21071.0,,53.5,49.6,63.908,,,167.72,33.64,53.3,61.2,,45.595,45.419,56.0,76.15,,,6.8,8.41,404660.9,310804.1,79.13,41.98,34.04,1658.9,
200101,5.25,4.4,49.9,48.8,,141.49,106.391,1.006,,91.0,,-0.8,5.62,,1.0,1036.6,80.3,20518.0,,54.7,51.5,64.604,,,172.52,28.11,54.4,60.8,,45.103,44.959,58.4,76.37,,,6.66,8.45,398788.2,312409.3,82.03,36.94,31.83,1000.2,
200102,5.0,4.7,50.1,48.9,,137.28,105.529,1.006,,90.4,,-1.0,5.26,,1.0,-119.0,80.62,20470.0,,55.0,51.4,64.919,,,172.81,29.85,54.4,60.8,,45.546,45.391,57.7,76.21,,,6.09,8.34,401364.1,313253.3,81.35,39.82,32.98,265.1,
200103,5.0,4.6,50.3,49.2,,138.53,106.27,1.006,,90.2,,-2.0,4.89,,1.0,1403.9,80.81,20959.0,,55.0,51.4,65.488,,,169.33,32.18,54.4,61.1,,45.723,45.553,57.8,76.39,,,5.82,8.26,403854.1,314169.9,81.86,42.67,33.42,1744.1,
200104,5.0,4.1,50.5,49.5,,140.74,106.203,1.508,,89.9,,0.3,4.53,,1.5,-66.8,81.13,21697.0,,56.0,52.0,65.74,,,169.4,28.09,56.7,61.5,,46.0,45.816,58.5,76.34,,,5.74,8.1,414083.0,320260.8,83.79,37.96,28.95,-768.2,
200105,5.0,3.9,50.9,50.0,,136.01,106.621,1.508,,89.5,,-0.3,4.02,,1.5,858.5,81.49,21969.0,,56.8,49.7,65.677,,,168.47,29.75,56.7,61.6,,46.349,46.174,59.7,76.27,,,5.76,7.99,415301.9,326466.0,82.67,40.48,29.85,1227.0,
200106,5.0,3.8,51.2,50.3,,132.49,105.86,1.508,,89.0,,2.1,3.74,,1.5,978.3,81.63,21979.0,,56.4,49.4,65.866,,,164.93,29.02,56.7,61.5,,46.43,46.253,59.5,75.96,,,5.7,7.89,420905.5,327692.8,81.87,39.24,30.21,1464.7,
200107,4.75,3.8,51.2,50.4,,129.78,104.616,1.274,,88.4,,-0.6,3.66,,1.3,-230.6,81.4,22014.0,,56.1,50.7,65.992,,,162.03,26.3,58.2,61.5,,45.471,45.292,59.3,75.91,,,5.57,7.78,423459.3,332631.7,80.0,35.74,28.49,1247.9,
200108,4.5,3.7,51.5,50.5,,127.34,105.343,1.274,,88.3,,-33.7,3.48,,1.3,339.1,81.4,21783.0,,57.3,48.0,66.245,,,162.45,27.06,58.2,61.6,,46.614,46.431,59.9,75.54,,,5.18,7.51,431751.5,337311.9,79.21,37.82,28.86,-957.3,
200109,4.0,3.7,52.0,50.7,,128.02,105.03,1.274,,87.9,,-27.1,2.87,,1.3,-1156.7,81.77,22043.0,,57.6,50.0,66.182,,,161.51,28.97,58.2,61.8,,46.512,46.314,60.0,75.34,,,4.9,7.26,441296.9,344439.4,78.71,40.46,30.05,1478.3,
200110,4.0,3.6,52.5,51.1,,125.93,104.434,1.52,,87.7,,-0.1,2.31,,1.5,145.5,81.49,22139.0,,57.9,52.6,66.182,,,162.78,27.52,59.4,61.7,,46.857,46.687,60.7,74.98,,,4.57,7.07,440329.1,349938.3,76.45,38.87,29.53,1211.1,
200111,4.0,3.7,53.0,51.9,,121.8,104.511,1.52,,87.1,,-0.1,2.03,,1.5,-489.0,81.36,22116.0,,58.4,51.5,65.804,,,164.62,28.83,59.4,61.9,,47.183,47.005,61.6,74.68,,,4.58,6.92,446812.5,357864.6,72.81,42.13,29.76,-66.0,
200112,4.0,3.6,53.1,52.8,,120.95,101.503,1.52,,87.1,,-0.8,1.83,,1.5,-534.0,81.03,21677.0,,57.2,52.4,65.93,,,167.33,26.71,59.4,61.9,,45.964,45.78,60.4,74.22,,,4.64,6.84,455630.5,357383.5,72.41,40.41,28.79,441.8,
200201,4.0,3.6,53.6,53.9,,124.39,106.348,2.786,,87.7,,0.2,1.74,,2.8,527.2,81.22,21385.0,,59.4,50.9,66.308,,,167.81,26.43,62.1,62.0,,47.628,47.456,63.5,74.4,,,4.72,6.83,461604.9,383082.6,73.37,40.48,29.13,-326.3,
200202,4.0,3.5,54.2,54.8,,126.42,108.435,2.786,,87.7,,-0.4,1.82,,2.8,1038.8,81.54,21466.0,,59.9,53.1,66.624,,,170.42,24.82,62.1,62.2,,48.64,48.46,63.1,74.77,,,4.64,6.71,472909.0,392095.3,73.94,38.33,26.89,499.0,
200203,4.0,3.4,54.9,55.7,,130.19,111.393,2.786,,88.3,,-1.7,1.91,,2.8,408.9,82.0,21824.0,,60.6,54.3,67.003,,,172.32,30.33,62.1,62.0,,49.772,49.587,64.8,75.16,,,4.7,6.72,478356.3,404983.1,76.99,46.56,30.69,-187.1,
200204,4.0,3.4,55.3,56.1,,130.29,111.906,1.904,,88.7,,-1.0,1.87,,1.9,253.5,82.46,22363.0,,61.3,55.4,67.382,,,170.47,30.59,62.6,62.2,,50.068,49.886,65.4,75.74,,,4.72,6.75,481318.6,416052.1,78.29,45.36,32.2,-436.3,
200205,4.25,3.3,55.5,56.1,,124.58,109.668,1.904,,89.1,,-1.0,1.82,,1.9,500.6,82.46,22518.0,,61.2,54.2,67.634,,,167.37,31.63,62.6,62.1,,49.436,49.257,65.6,76.07,,,4.79,6.73,481926.4,426326.6,75.84,45.93,32.58,1314.5,
200206,4.25,3.1,55.5,55.7,,119.1,107.408,1.904,,89.8,,0.2,1.81,,1.9,266.1,82.5,22579.0,,61.1,54.9,67.571,,,164.95,29.26,62.6,62.1,,49.061,48.858,65.2,75.58,,,4.8,6.71,487128.3,433047.9,73.18,42.06,30.55,100.7,
200207,4.25,3.1,55.8,55.5,,116.8,110.664,1.857,,89.8,,-0.1,1.79,,1.9,216.6,82.59,22596.0,,62.4,56.4,67.382,,,163.63,31.38,64.4,62.1,,50.33,50.137,66.4,75.37,,,4.82,6.72,484492.3,439519.2,71.8,45.13,33.11,-634.5,
200208,4.25,3.3,56.0,55.4,,118.15,111.664,1.857,,89.7,,2.1,1.73,,1.9,-261.0,82.87,22289.0,,61.5,53.0,67.824,,,163.62,31.87,64.4,62.2,,50.939,50.763,65.3,75.46,,,4.74,6.65,492566.9,448036.3,72.7,45.31,33.04,1525.7,
200209,4.25,3.0,56.5,55.2,,119.73,108.287,1.857,,89.8,,-3.9,1.76,,1.9,598.3,83.01,22562.0,,62.0,58.8,68.204,,,163.38,31.47,64.4,62.2,,49.789,49.611,66.2,75.62,,,4.74,6.64,499125.7,456663.0,74.4,44.59,33.64,1310.1,
200210,4.25,3.1,56.7,54.9,,122.06,108.891,0.944,,89.6,,2.7,1.73,,0.9,24.3,83.14,22614.0,,62.2,54.6,68.013,,,161.68,35.41,63.5,62.1,,50.617,50.432,66.2,75.72,,,4.72,6.7,505078.0,467923.9,76.12,49.54,35.49,1516.6,464712.0
200211,4.25,3.1,57.0,55.0,,118.79,109.037,0.944,,90.1,,-5.8,1.39,,0.9,114.6,83.14,22464.0,,62.4,59.1,68.077,,,160.93,34.29,63.5,61.9,,51.339,51.155,65.8,75.87,,,4.71,6.65,508893.9,473221.0,72.9,48.09,36.13,327.6,464712.0
200212,4.25,3.1,57.1,55.2,,119.62,111.68,0.944,,89.6,,-0.7,1.34,,0.9,378.2,82.96,22120.0,,62.1,60.7,68.391,,,163.57,33.01,63.5,62.1,,52.174,51.99,64.5,75.88,,,4.69,6.58,512419.4,471684.3,74.49,47.14,37.13,549.4,464712.0
200301,4.25,3.3,57.2,55.2,96.3,118.98,109.128,-0.537,,90.4,,-0.8,1.29,,-0.5,-829.7,83.33,21634.0,,62.3,49.0,68.835,,,161.96,32.16,62.0,61.8,50799810.0,50.865,50.692,65.8,76.45,,,4.63,6.51,504039.9,477877.3,75.16,45.01,37.39,-629.9,463330.4
200302,4.25,3.3,57.2,55.2,96.3,121.91,109.879,-0.537,,90.5,,-1.2,1.27,,-0.5,280.3,83.97,21570.0,,61.7,58.5,69.213,,,159.67,31.24,62.0,61.6,48103384.0,51.256,51.073,64.3,76.86,,,4.45,6.39,506459.6,482593.9,77.78,42.3,35.92,-43.0,463330.4
200303,4.25,3.4,57.2,55.3,96.4,125.12,109.913,-0.537,,90.2,,4.1,1.23,,-0.5,-379.3,84.47,21911.0,,62.3,57.2,70.034,,,157.59,35.26,62.0,61.5,48798846.0,52.255,52.074,65.2,77.61,,,4.3,6.48,524890.5,493634.8,79.18,46.57,41.1,636.3,463330.4
200304,4.25,3.4,57.0,55.2,96.7,121.0,109.31,0.066,,89.7,,-31.3,1.24,,0.1,409.1,84.29,22235.0,,62.4,54.2,69.908,,,158.0,35.27,60.9,61.2,43348102.0,51.203,51.028,66.1,77.22,,,4.33,6.41,525085.6,504542.2,75.56,47.21,38.18,-570.9,464574.7
200305,4.0,3.6,57.2,55.2,97.4,118.08,106.947,0.066,,89.7,,2.1,1.22,,0.1,-177.6,84.15,22453.0,,62.4,52.3,69.782,,,160.19,33.72,60.9,61.4,41100803.0,50.972,50.793,65.7,76.79,,,4.22,6.28,530198.0,511523.0,73.93,47.02,35.02,1965.4,464574.7
200306,4.0,3.6,57.4,55.6,98.2,117.97,109.525,0.066,,89.8,,-0.3,1.04,,0.1,980.7,84.24,22469.0,,63.3,54.9,69.592,,,160.5,34.84,60.9,61.5,38925441.0,52.638,52.458,66.0,76.42,,,4.15,6.24,537713.2,514392.6,74.12,48.66,34.22,2086.3,464574.7
200307,3.75,3.6,57.5,55.8,99.2,117.41,103.192,1.599,,90.2,,-0.4,1.05,,1.6,1072.3,84.34,22540.0,,62.8,51.4,69.53,,,160.08,35.66,62.0,61.6,37664737.0,50.143,49.966,66.5,76.56,,,4.09,6.2,535720.7,521914.1,74.11,49.46,38.3,1476.0,463525.5
200308,3.75,3.6,57.7,56.2,100.2,118.06,109.015,1.599,,90.0,,-0.1,1.08,,1.6,1276.5,84.66,22211.0,,63.6,52.3,69.845,,,159.4,35.11,62.0,61.6,35174117.0,52.951,52.765,66.2,76.84,,,3.94,6.03,539316.4,527182.6,74.59,48.2,35.08,765.4,463525.5
200309,3.75,3.7,57.8,56.5,101.1,116.6,109.973,1.599,,90.6,,-0.9,1.08,,1.6,2237.3,84.93,22389.0,,63.6,55.7,70.477,,,159.14,39.14,62.0,61.5,35643372.0,53.459,53.274,66.3,77.16,,,3.85,5.97,529085.6,530888.4,73.27,53.25,37.77,3757.3,463525.5
200310,3.75,3.7,58.2,56.9,102.0,117.96,112.294,2.55,,90.7,,-0.9,1.1,,2.5,2276.7,84.84,22543.0,,64.2,55.2,70.539,35567.8,830331.2,160.0,45.12,62.0,61.7,35596027.0,54.932,54.746,66.2,77.39,1199569.9,1393509.5,3.81,6.0,534677.2,538219.0,75.52,61.74,42.64,2007.7,472051.4
200311,3.75,3.9,58.5,57.0,102.7,121.03,110.724,2.55,,91.3,,-2.0,1.11,,2.5,1947.7,84.61,22516.0,,64.2,53.0,70.413,36418.5,843054.4,157.42,42.64,62.0,61.9,31768954.0,55.176,54.988,66.2,77.74,1206645.1,1407359.3,3.94,6.13,549130.7,543614.6,77.54,56.78,40.74,3229.9,472051.4
200312,3.75,3.7,58.8,57.2,103.2,123.57,113.654,2.55,,91.4,448.7,-16.2,1.1,,2.5,2214.1,84.52,22188.0,,64.2,54.5,70.73,36979.9,849773.2,157.13,45.66,62.0,62.0,34530336.0,56.315,56.129,64.8,78.25,1211762.8,1404610.3,4.12,6.2,548098.4,538260.9,79.31,60.1,45.72,2000.4,472051.4
200401,3.75,3.6,59.2,57.5,103.4,125.71,112.02,1.423,,91.5,441.45,4.3,1.06,,1.4,4177.0,84.93,22029.0,,64.9,51.3,71.172,38582.6,854520.6,157.1,40.2,62.4,62.3,29327132.0,56.203,56.02,66.3,79.32,1213024.8,1416089.7,4.15,6.25,543983.9,543893.6,80.75,52.09,42.15,420.2,472341.8
200402,3.75,3.6,59.7,57.8,103.3,124.86,116.293,1.423,,92.1,428.68,6.6,1.05,,1.4,1291.7,85.39,22104.0,,65.6,58.4,71.487,36851.1,860954.0,156.8,44.55,62.4,62.6,27432556.0,59.078,58.891,66.4,80.31,1221191.7,1436354.8,4.02,6.09,554754.9,548387.1,80.65,56.35,45.12,1782.9,472341.8
200403,3.75,3.6,60.1,58.0,103.0,124.91,113.366,1.423,,91.7,434.16,-1.7,1.05,,1.4,1849.5,85.94,22482.0,,65.2,56.5,72.181,37265.7,868066.8,155.66,49.92,62.4,62.5,31295903.0,57.931,57.752,66.2,81.08,1230945.5,1446012.2,3.9,6.12,548136.2,553624.1,81.79,62.22,49.65,1714.2,472341.8
200404,3.75,3.6,60.2,58.2,102.4,124.64,114.003,0.834,,92.0,453.47,0.4,1.08,,0.8,2568.6,86.22,22801.0,,65.8,55.7,72.181,37032.0,870908.7,153.75,49.23,61.9,62.3,29174975.0,58.503,58.322,66.6,81.47,1233902.1,1448128.8,3.9,6.02,548752.4,557483.3,81.77,60.49,48.79,810.6,477320.2
200405,3.75,3.7,60.2,58.2,101.7,128.56,114.588,0.834,,92.7,400.92,4.0,1.2,,0.8,4206.9,86.72,22879.0,,65.7,56.1,72.119,37054.0,873417.5,153.41,49.34,61.9,62.1,29152840.0,59.346,59.164,66.1,81.67,1237447.0,1451845.7,3.82,5.97,544484.9,561227.4,84.73,59.81,45.71,5285.0,477320.2
200406,3.75,3.5,60.3,58.2,100.8,126.57,110.377,0.834,,92.0,385.18,-0.4,1.46,,0.8,1994.6,87.0,22971.0,,64.9,56.7,72.119,37421.8,878820.5,152.55,48.2,61.9,62.2,29114389.0,57.48,57.31,66.3,81.59,1244915.0,1458293.7,3.83,6.06,548294.3,560960.8,83.31,57.66,47.84,3035.2,477320.2
200407,3.75,3.7,60.2,58.1,99.9,128.24,109.607,0.256,,92.7,331.21,0.2,1.57,,0.3,2672.2,86.86,22902.0,,64.8,55.2,72.561,36561.9,879995.4,152.75,48.89,62.3,62.1,29389130.0,56.749,56.567,65.9,81.92,1252448.6,1469686.8,3.84,5.96,540958.9,563483.2,84.67,58.49,47.47,2650.7,482532.9
200408,3.5,3.7,60.1,58.1,99.0,131.31,110.541,0.256,,92.7,355.66,-0.5,1.68,,0.3,1774.2,86.9,22525.0,,65.0,57.5,73.191,37047.7,885023.4,152.72,46.09,62.3,62.0,29395413.0,57.74,57.572,65.3,82.64,1262106.1,1481135.0,3.66,5.81,540836.8,565922.8,87.01,54.31,46.25,2384.0,482532.9
200409,3.5,3.6,60.3,58.2,98.2,131.27,110.897,0.256,,92.8,362.08,-1.1,1.86,,0.3,2800.3,87.09,22944.0,,65.6,58.1,73.191,36965.6,892677.0,152.04,48.85,62.3,62.5,27721341.0,58.38,58.211,65.8,82.98,1274724.4,1490348.3,3.51,5.74,550609.7,567134.5,85.76,56.1,46.96,4504.7,482532.9
200410,3.5,3.7,60.4,58.3,97.7,133.32,110.192,0.82,,93.6,357.04,-0.2,2.04,,0.8,592.9,87.55,23031.0,,65.4,55.6,73.191,37741.4,893075.4,153.98,52.97,62.0,62.4,28639196.0,58.276,58.112,65.9,83.01,1276851.1,1494464.8,3.48,5.71,538311.0,570394.9,88.24,60.98,52.59,3339.8,494202.6
200411,3.25,3.7,60.6,58.4,97.7,127.23,112.896,0.82,,93.9,373.43,-1.0,2.26,,0.8,2866.6,87.59,22918.0,,65.3,55.2,72.75,37407.3,897232.7,152.16,53.52,62.0,62.3,30425958.0,59.494,59.333,65.7,83.07,1284046.7,1504294.9,3.42,5.6,537759.2,572392.3,83.91,59.94,52.61,5192.2,494202.6
200412,3.25,3.8,60.6,58.5,98.2,120.12,112.201,0.82,,94.6,380.33,-0.9,2.45,,0.8,2495.5,87.27,22598.0,,64.8,53.3,72.877,37337.3,899295.0,151.92,52.84,62.0,62.6,31436738.0,58.82,58.653,65.1,82.46,1289653.4,1501542.6,3.41,5.52,540726.2,565655.4,79.85,59.05,53.71,2939.9,494202.6
200501,3.25,3.9,60.8,58.6,99.3,123.66,116.522,0.936,,95.0,472.95,-0.6,2.61,0.226,0.9,2271.1,87.45,22158.0,,67.0,58.7,73.594,37821.4,902992.8,151.56,50.28,62.1,62.3,28710307.0,61.311,61.13,67.0,83.26,1296081.3,1515644.5,3.4,5.58,537409.1,568933.9,83.28,56.9,50.33,2597.6,497008.3
200502,3.25,3.7,60.9,59.0,100.9,122.18,111.032,0.936,,95.6,498.38,-0.1,2.77,0.184,0.9,2446.8,87.96,22135.0,,66.6,58.0,73.892,38502.5,910391.0,149.97,45.47,62.1,62.3,26862975.0,59.83,59.654,67.5,83.42,1308839.2,1540248.0,3.46,5.53,545285.4,570979.8,83.23,49.03,47.77,1684.1,497008.3
200503,3.25,3.7,61.2,59.5,102.5,120.49,114.518,0.936,,95.5,455.03,-0.6,2.97,0.348,0.9,1694.2,88.65,22590.0,,67.5,56.1,74.338,37909.8,922942.5,147.7,56.48,62.1,62.3,30504413.0,61.747,61.588,67.4,83.5,1311632.5,1540370.1,3.49,5.63,537953.5,571698.4,84.54,59.79,58.91,1781.2,497008.3
200504,3.25,3.7,61.3,59.7,104.0,119.68,111.169,1.875,,95.7,424.4,-1.0,3.09,0.525,1.9,992.0,89.24,22919.0,,67.1,55.5,74.413,37988.0,930989.1,143.41,52.46,63.4,62.2,28480831.0,60.319,60.116,67.3,83.73,1319261.3,1556203.8,3.5,5.59,544188.6,577621.1,85.6,53.92,55.07,-1422.4,516028.6
200505,3.25,3.7,61.5,59.6,105.3,116.02,107.989,1.875,,95.8,471.48,-0.7,3.22,0.562,1.9,365.0,89.15,23143.0,,67.2,57.6,74.338,37987.0,933697.1,140.31,52.97,63.4,62.2,30897535.0,59.952,59.816,67.5,83.19,1326452.2,1561228.5,3.47,5.5,546335.5,583455.7,83.69,53.89,54.65,650.0,516028.6
200506,3.25,3.8,61.7,59.6,106.4,116.47,108.975,1.875,,96.2,503.21,-2.7,3.38,0.798,1.9,1185.8,89.2,23152.0,,67.7,60.4,74.114,38367.7,939150.7,139.09,54.87,63.4,62.3,30971416.0,60.176,60.027,68.3,82.81,1334777.5,1572803.2,3.44,5.5,555281.8,586738.7,84.92,56.48,54.46,1781.5,516028.6
200507,3.25,3.7,61.9,59.8,107.4,119.16,108.506,1.404,,95.9,546.68,-6.8,3.57,0.477,1.4,627.1,89.61,23106.0,,67.9,62.2,74.413,38616.4,948372.8,137.84,54.29,64.3,62.2,29198249.0,60.761,60.597,68.5,83.32,1347776.6,1595134.8,3.47,5.51,547884.1,593173.3,87.18,55.63,54.95,1248.1,527084.0
200508,3.25,3.6,62.2,60.2,108.3,117.84,109.235,1.404,,96.2,503.95,-19.2,3.77,0.457,1.4,1261.1,90.07,22779.0,,68.4,57.9,74.636,39188.5,960979.0,137.4,53.61,64.3,62.0,30784734.0,61.064,60.907,68.9,83.55,1357275.2,1601362.1,3.48,5.49,546355.5,597123.0,88.01,54.88,56.4,1775.2,527084.0
200509,3.25,3.9,62.4,60.5,109.3,118.93,110.078,1.404,,94.4,571.95,4.6,3.87,0.193,1.4,-457.4,91.17,22996.0,,68.5,56.6,75.008,39436.6,957486.9,134.82,56.61,64.3,62.2,29784830.0,61.538,61.374,68.8,83.92,1357940.8,1604886.6,3.8,5.61,559445.4,600881.6,89.31,56.62,58.79,571.6,527084.0
200510,3.5,3.9,62.7,60.7,110.3,119.66,112.773,1.147,,95.5,587.46,-16.9,4.13,0.291,1.1,614.2,91.35,23145.0,,69.2,60.0,74.859,39790.8,957390.9,133.78,58.13,66.3,62.3,30227933.0,63.338,63.178,69.1,84.14,1356385.5,1607240.1,3.86,5.73,553378.4,606538.9,88.81,57.69,58.55,2675.7,542871.4
200511,3.5,3.6,63.2,61.0,111.3,116.73,116.568,1.147,,96.6,712.39,-0.7,4.31,0.404,1.1,-12.0,90.62,23164.0,,70.7,61.5,74.561,39548.8,955328.2,134.86,60.56,66.3,62.1,31338923.0,65.974,65.807,70.2,83.9,1361102.3,1626323.0,3.96,5.71,558045.5,612255.5,86.83,61.25,60.82,2984.1,542871.4
200512,3.75,3.5,63.6,61.4,112.1,114.29,112.767,1.147,,97.1,701.79,44.1,4.45,0.405,1.1,1221.0,90.25,22685.0,,69.5,62.4,74.785,40264.5,960235.2,134.82,58.65,66.3,62.0,32936834.0,64.462,64.302,69.6,83.66,1369091.7,1625667.9,4.14,5.74,561945.6,613922.8,85.95,60.44,62.18,2142.2,542871.4
200601,3.75,3.4,64.1,61.9,112.6,111.5,116.089,1.59,,97.3,690.24,-8.6,4.56,0.355,1.6,939.7,90.94,22470.0,,71.0,63.4,75.231,41003.3,957326.7,133.84,53.99,66.3,62.2,30287440.0,66.561,66.364,71.1,83.95,1366108.6,1638044.6,4.14,5.79,545065.9,617446.1,85.14,55.38,59.24,1499.7,550330.8
200602,4.0,3.6,64.2,62.1,112.8,109.29,116.15,1.59,,97.3,682.36,-53.3,4.72,0.42,1.6,-1760.7,91.12,22413.0,,70.4,63.4,75.381,40633.3,961576.6,131.81,53.67,66.3,62.2,27890872.0,67.244,67.119,70.4,83.99,1377114.9,1643833.0,4.21,5.76,553445.2,623634.3,84.18,53.66,60.37,-996.4,550330.8
200603,4.0,3.6,64.5,62.3,112.7,109.25,114.904,1.59,,97.5,665.21,11.7,4.88,0.529,1.6,-697.8,91.63,22852.0,,70.9,65.8,75.827,40825.7,965391.3,130.4,61.75,66.3,62.2,31693526.0,67.289,67.175,71.1,83.88,1386256.8,1655192.3,4.26,5.89,548811.4,628647.7,84.52,61.26,66.84,-1610.6,550330.8
200604,4.0,3.5,64.7,62.2,112.2,107.98,112.243,0.722,,97.8,685.44,-6.9,5.03,0.506,0.7,-1172.8,92.41,23247.0,,71.7,66.5,75.902,41251.4,971394.3,129.95,57.84,67.4,62.2,28607743.0,66.326,66.165,71.4,84.03,1397797.3,1666298.0,4.37,5.83,551235.9,638214.3,85.77,57.4,63.15,-1752.1,569379.0
200605,4.0,3.4,65.1,62.4,111.6,107.65,112.073,0.722,,97.8,630.5,-1.5,5.15,0.483,0.7,349.6,92.87,23497.0,,72.0,68.6,76.05,40791.9,977381.9,127.0,62.21,67.4,62.2,31769357.0,67.235,67.081,71.6,84.32,1407807.2,1689330.6,4.35,5.89,557260.7,645478.6,87.35,59.75,67.81,682.6,569379.0
200606,4.25,3.5,65.1,62.3,110.9,109.24,110.374,0.722,,98.1,590.68,0.9,5.35,0.438,0.7,2331.5,93.05,23520.0,,70.5,63.4,75.902,41238.2,987668.5,124.15,62.88,67.4,62.2,31150692.0,65.874,65.711,71.0,84.17,1422672.8,1711941.8,4.48,5.98,572956.7,652960.9,88.15,58.46,67.02,2243.8,569379.0
200607,4.25,3.5,64.9,62.1,110.3,109.25,102.002,1.567,,98.1,557.66,-6.0,5.46,0.399,1.6,-663.0,93.32,23476.0,,69.2,64.5,76.199,42524.7,991033.5,124.54,59.1,66.1,62.2,30955226.0,62.53,62.42,70.5,84.43,1436359.7,1726997.9,4.46,6.1,565138.4,657414.5,89.38,55.08,65.68,685.7,582452.4
200608,4.5,3.5,65.1,62.1,109.8,111.43,110.561,1.567,,98.5,572.83,6.8,5.38,0.398,1.6,-1057.3,93.51,23211.0,,72.7,69.3,76.645,40887.1,998024.7,123.1,63.09,66.1,62.2,31128376.0,67.162,67.053,72.3,84.98,1450851.7,1741949.6,4.52,6.16,564389.9,662591.0,91.01,57.8,69.08,74.8,582452.4
200609,4.5,3.5,65.4,62.4,109.6,110.67,114.421,1.567,,98.4,600.42,8.3,5.34,0.446,1.6,550.0,93.05,23392.0,,72.4,66.6,76.868,41372.6,1011962.9,123.06,70.13,66.1,62.1,31238297.0,69.061,68.938,72.3,85.26,1467069.0,1757590.8,4.57,6.13,578419.8,672121.2,87.85,63.73,70.96,3486.4,582452.4
200610,4.5,3.6,66.3,62.9,109.5,109.41,116.578,0.831,,98.2,586.1,-1.8,5.33,0.492,0.8,1410.0,92.55,23537.0,,75.5,71.1,76.496,42971.2,1023316.4,126.1,63.52,69.1,62.2,31606139.0,71.434,71.311,73.3,84.47,1483715.6,1768249.4,4.47,6.09,572534.7,680074.3,86.76,59.19,66.04,2680.3,607133.2
200611,4.5,3.5,66.7,63.2,109.6,106.82,115.897,0.831,,98.2,622.17,-4.3,5.32,0.517,0.8,2309.5,92.41,23547.0,,74.5,70.1,76.125,41617.9,1030437.4,126.49,69.63,69.1,62.2,31779233.0,70.884,70.706,73.8,84.06,1494640.2,1788736.7,4.47,6.04,578476.3,692188.3,85.39,65.83,68.64,4281.4,607133.2
200612,4.5,3.4,67.1,63.3,109.9,105.67,111.097,0.831,,99.2,606.15,-14.3,5.32,0.492,0.8,-443.9,92.55,23095.0,,73.3,70.1,76.348,44850.6,1041540.1,125.73,65.45,69.1,62.2,32851651.0,68.331,68.154,74.0,83.99,1511992.3,1804479.1,4.6,6.19,592720.5,699430.3,85.45,61.77,70.56,690.5,607133.2
200701,4.5,3.4,67.2,63.5,110.5,105.17,113.608,1.773,,98.9,576.37,-56.0,5.32,0.36,1.8,1036.8,92.83,22846.0,,73.7,71.5,76.496,47746.0,1049517.4,124.16,63.31,70.3,62.3,33171590.0,69.548,69.406,74.2,83.99,1523583.8,1820694.7,4.69,6.32,568186.7,700256.6,83.96,59.09,71.25,735.1,612388.7
200702,4.5,3.2,67.5,63.8,111.4,104.7,112.963,1.773,,99.8,600.93,0.6,5.31,0.318,1.8,1444.2,93.32,22791.0,,75.6,74.0,77.017,48156.6,1057158.9,125.48,60.14,70.3,62.2,29832200.0,70.128,69.994,75.4,84.04,1537949.0,1830792.9,4.79,6.34,574525.2,708048.2,85.51,57.58,65.82,600.7,612388.7
200703,4.5,3.2,67.7,64.0,112.5,105.6,112.67,1.773,,100.0,648.99,-22.2,5.3,0.285,1.8,11.1,94.17,23235.0,,74.1,70.5,77.464,48739.2,1059549.0,123.2,69.16,70.3,62.2,32136036.0,69.605,69.424,74.9,84.4,1544111.0,1844656.2,4.79,6.37,576948.1,717066.5,88.29,65.31,75.71,-2517.3,612388.7
200704,4.5,3.3,68.1,64.2,113.8,105.96,113.03,1.693,,100.7,675.88,33.1,5.31,0.261,1.7,195.8,94.79,23629.0,,75.1,75.2,77.761,47558.0,1063156.2,120.65,67.9,70.4,62.2,33275124.0,70.624,70.452,75.4,84.99,1546659.7,1849290.6,4.84,6.35,579150.8,728294.8,89.33,62.57,75.9,-2322.8,629590.6
200705,4.5,3.3,68.3,64.4,115.2,106.11,113.041,1.693,,100.8,747.87,0.8,5.31,0.261,1.7,-1679.0,95.37,23863.0,,75.5,72.2,77.836,48154.4,1064962.8,119.48,68.61,70.4,62.2,34562275.0,71.037,70.875,76.0,85.47,1554115.2,1867900.5,4.86,6.48,581444.1,735674.4,89.78,61.69,76.34,81.3,629590.6
200706,4.5,3.2,68.5,64.8,116.4,106.25,111.134,1.693,,100.8,778.69,1.2,5.33,0.273,1.7,1263.9,95.55,23920.0,,75.3,69.7,77.836,48413.4,1075534.2,118.84,69.61,70.4,62.2,31772369.0,70.211,70.1,76.7,85.64,1569513.4,1887439.1,4.87,6.42,593415.7,747823.0,89.52,61.95,72.65,2900.9,629590.6
200707,4.75,3.3,68.8,65.2,117.2,106.38,109.382,1.184,,100.7,811.52,15.2,5.32,0.292,1.2,2423.9,95.53,23865.0,,76.6,68.5,78.134,48067.9,1077650.1,119.36,71.22,70.6,62.2,34738700.0,71.233,71.037,77.3,85.75,1571502.5,1889153.7,4.97,6.41,581274.0,755114.0,89.5,63.54,75.05,5305.1,642030.6
200708,5.0,3.2,69.1,65.5,117.5,107.63,112.117,1.184,,100.9,775.13,7.2,5.49,0.298,1.2,2965.6,95.35,23582.0,,78.1,71.4,78.208,48447.4,1082976.6,119.46,71.9,70.6,62.1,33267747.0,73.337,73.212,78.3,85.7,1582520.8,1908259.6,5.11,6.56,577856.8,764660.6,90.35,63.58,75.6,2196.0,642030.6
200709,5.0,3.2,69.2,65.6,117.4,107.78,110.42,1.184,,101.1,794.56,14.3,5.46,0.325,1.2,2909.7,95.61,23759.0,,76.7,66.2,78.655,48475.1,1087170.4,119.59,68.14,70.6,62.0,31469389.0,72.805,72.732,77.2,86.11,1598185.0,1928533.9,5.28,6.7,580285.4,777069.8,92.44,60.55,69.78,2975.3,642030.6
200710,5.0,3.2,69.5,65.7,116.7,106.67,116.562,1.969,,100.8,810.07,2.3,5.08,0.36,2.0,-880.5,95.82,23905.0,,78.9,69.0,78.803,49460.2,1088167.2,117.44,80.06,71.9,62.0,36864061.0,76.673,76.543,78.4,86.29,1609084.6,1947551.6,5.27,6.79,579944.2,790358.7,93.3,69.62,83.99,4769.1,665394.2
200711,5.0,3.3,69.9,66.0,115.7,108.7,116.102,1.969,,101.4,741.84,-5.0,4.97,0.387,2.0,776.7,96.39,23907.0,,78.8,74.1,78.803,48968.4,1089973.1,115.33,80.9,71.9,62.1,34979932.0,76.506,76.432,78.6,86.64,1617385.7,1968655.9,5.5,6.8,588546.9,807189.4,97.08,68.48,86.78,746.3,665394.2
200712,5.0,3.1,70.4,66.1,114.3,109.27,113.881,1.969,,101.4,704.23,14.2,5.02,0.4,2.0,4.2,96.32,23432.0,,79.1,77.2,79.101,50337.5,1097590.8,112.71,73.92,71.9,62.0,37562822.0,76.248,76.172,78.6,86.99,1635650.5,1971126.3,5.84,7.08,593171.3,803724.1,98.73,60.27,86.56,1656.4,665394.2
200801,5.0,3.0,70.8,66.1,112.6,111.27,117.47,0.754,,101.3,608.84,-0.9,3.84,0.368,0.8,680.0,96.8,23141.0,,79.8,71.6,79.472,50161.4,1105916.8,111.25,73.86,72.6,62.0,37047103.0,78.304,78.198,80.1,87.48,1652818.5,1996448.7,6.01,7.25,598429.4,815649.1,101.74,59.89,93.24,-1881.2,677198.7
200802,5.0,3.0,71.0,66.0,110.7,112.58,114.572,0.754,,100.9,655.94,1.5,3.06,0.393,0.8,-1534.6,97.08,23065.0,,79.8,71.9,79.771,51202.2,1117083.7,110.11,69.26,72.6,62.0,34010421.0,77.421,77.265,79.9,88.29,1662784.9,2016148.6,5.4,6.9,605714.8,822528.9,104.5,55.28,84.45,-2244.9,677198.7
200803,5.0,3.0,71.2,66.0,108.5,119.74,116.148,0.754,,100.6,644.45,-3.8,2.79,0.465,0.8,1093.6,97.92,23490.0,,79.2,71.9,80.515,49381.7,1128670.7,108.71,82.18,72.6,61.9,39351878.0,78.623,78.535,79.9,89.44,1686767.3,2035672.9,5.33,6.9,603720.0,833537.3,113.03,64.04,95.78,-1093.9,677198.7
200804,5.0,3.1,71.1,66.0,106.1,122.64,116.59,0.364,,99.9,647.02,-0.2,2.85,0.508,0.4,443.0,98.52,23907.0,,80.0,74.4,80.962,50773.6,1143956.6,106.96,84.54,71.7,61.9,37517521.0,78.838,78.77,80.0,91.34,1702693.9,2065746.7,5.45,6.91,617436.6,849091.3,117.32,63.28,98.08,-2647.5,698226.9
200805,5.0,3.2,71.1,66.0,103.3,131.5,112.402,0.364,,99.3,652.15,9.3,2.66,0.481,0.4,-913.4,99.35,24144.0,,79.6,72.0,81.63,50559.6,1159581.9,105.48,85.03,71.7,61.9,38040015.0,77.611,77.555,79.9,93.18,1713624.3,2091021.2,5.39,6.96,622487.4,858336.1,129.85,61.66,98.94,-2278.4,698226.9
200806,5.0,3.1,71.0,65.9,100.2,132.99,111.521,0.364,,99.1,590.19,5.1,2.76,0.473,0.4,-2097.3,100.35,24174.0,,78.0,72.4,82.151,51763.5,1175866.9,102.37,84.2,71.7,61.7,37573846.0,76.609,76.544,79.2,94.67,1733278.3,2096790.0,5.5,7.02,627929.9,870377.1,133.35,58.08,97.68,-52.3,698226.9
200807,5.0,3.1,70.9,65.9,96.5,133.13,109.226,0.664,73.5,98.7,539.44,24.1,2.79,0.425,0.7,-1838.4,100.88,24114.0,,79.1,72.9,82.747,51161.5,1190474.9,100.57,91.76,71.1,61.7,40291279.0,75.958,75.875,80.2,96.52,1741911.4,2112254.7,5.67,7.12,623796.1,883185.6,134.79,61.11,110.4,12.2,713289.6
200808,5.25,3.3,71.0,66.0,92.4,131.22,108.828,0.664,92.1,97.2,470.28,-8.3,2.79,0.426,0.7,-3897.8,100.47,23825.0,,79.4,73.4,82.598,52635.2,1198210.2,99.02,80.78,71.1,61.7,36005688.0,76.168,76.1,80.3,96.24,1748033.2,2125923.1,5.91,7.31,635728.3,891376.3,128.86,52.64,104.31,-3316.7,713289.6
200809,5.25,3.2,71.1,66.0,87.9,137.27,107.851,0.664,90.8,92.9,440.77,7.6,3.59,0.322,0.7,561.7,100.33,23936.0,,78.5,67.8,82.673,52904.9,1208134.1,101.29,82.86,71.1,61.5,39607257.0,75.059,74.922,79.6,95.85,1778149.7,2145346.8,6.05,7.44,645955.9,900567.8,131.84,57.27,101.18,21.5,713289.6
200810,4.25,3.3,71.1,66.0,83.3,147.88,110.876,-3.374,77.9,93.8,308.03,-1.4,4.32,0.04,-3.4,1954.9,99.32,24045.0,,78.3,67.9,82.598,53070.4,1237588.2,103.14,80.76,68.7,61.5,39319067.0,75.309,75.243,79.2,95.59,1808950.4,2182389.2,6.31,7.79,667671.6,913084.4,137.25,59.25,91.42,1366.0,723521.5
200811,4.0,3.4,70.8,65.8,79.4,142.96,98.333,-3.374,72.9,92.6,307.48,-0.7,2.36,-1.44,-3.4,493.0,97.42,24017.0,,75.1,63.1,82.375,54405.4,1263562.7,106.2,61.14,68.7,61.5,36208939.0,67.024,66.913,78.4,93.37,1828337.3,2207244.6,5.95,7.53,676021.5,920259.6,128.16,50.31,73.32,2378.6,723521.5
200812,3.0,3.4,70.2,65.8,76.9,136.62,88.012,-3.374,67.7,90.0,332.05,-5.9,1.77,-2.725,-3.4,6808.2,96.41,23441.0,,71.8,60.2,82.375,59253.9,1286922.8,110.51,54.19,68.7,61.3,41447592.0,59.406,59.255,77.1,91.8,1848406.0,2211033.1,5.58,6.89,675204.7,917110.1,120.86,50.05,67.84,3241.8,723521.5
200901,2.5,3.3,69.9,65.9,76.3,131.97,88.107,0.264,75.0,87.7,364.9,-7.2,1.02,-0.756,0.3,1955.6,96.83,23051.0,,73.8,52.7,82.45,63654.6,1292462.7,112.92,45.73,70.7,61.2,35801266.0,60.417,60.237,79.3,91.54,1848137.2,2237791.0,4.16,5.91,673340.7,921674.4,118.69,44.54,64.06,-184.6,720375.4
200902,2.0,3.3,69.9,66.3,77.7,138.34,97.211,0.264,76.7,87.2,363.21,2.7,1.16,-0.352,0.3,6417.0,97.31,22930.0,,76.0,57.6,83.045,61970.0,1303385.4,111.55,51.85,70.7,61.0,34154131.0,66.674,66.545,79.5,92.16,1847976.9,2258838.4,3.23,5.57,693229.1,926602.2,123.34,50.6,57.26,2735.7,720375.4
200903,2.0,3.5,70.1,66.9,80.9,140.61,99.54,0.264,72.9,85.8,421.44,-8.0,1.07,-0.093,0.3,5619.6,97.55,23295.0,,75.8,56.4,83.64,65500.2,1315293.5,112.37,58.49,70.7,60.9,41598659.0,69.018,68.834,78.4,92.59,1857734.3,2278327.2,2.97,5.5,687649.4,934597.3,124.95,58.21,60.93,2826.7,720375.4
200904,2.0,3.7,70.4,67.8,85.5,132.11,103.063,1.352,93.7,85.1,500.98,-1.6,0.89,0.066,1.4,4685.0,97.79,23710.0,,78.5,57.0,83.862,61490.6,1329910.7,113.21,62.35,72.5,60.9,37703408.0,71.437,71.326,80.4,92.7,1877113.7,2306125.5,2.88,5.4,694775.1,940529.8,115.25,62.7,63.02,846.9,736347.1
200905,2.0,3.9,70.7,68.4,90.7,126.16,103.215,1.352,105.0,84.2,528.8,-4.9,0.57,0.115,1.4,2344.3,98.07,23904.0,,77.9,61.7,83.862,60128.7,1336604.2,115.39,59.31,72.5,60.9,37338285.0,72.003,71.901,80.2,91.99,1884766.2,2319654.5,2.84,5.42,698700.1,943796.4,111.75,59.44,58.97,2593.2,736347.1
200906,2.0,3.9,71.3,69.1,96.0,128.57,106.643,1.352,107.6,83.9,485.15,-0.4,0.39,0.166,1.4,3642.5,98.92,24148.0,,79.8,65.0,83.788,60017.5,1339126.0,113.92,65.4,72.5,61.3,39465251.0,74.664,74.608,80.7,91.75,1888893.7,2329645.1,2.96,5.47,708486.9,947207.9,117.47,63.54,65.67,4747.8,736347.1
200907,2.0,3.8,71.7,69.4,101.0,129.49,108.015,3.051,110.0,84.9,504.35,-2.4,0.35,0.206,3.1,1948.2,98.76,24006.0,,79.8,61.7,84.086,59993.2,1350651.5,110.42,69.75,72.6,61.1,39653302.0,76.465,76.382,81.3,92.8,1907576.1,2365608.4,2.92,5.53,701552.3,950708.7,117.44,64.7,70.35,-555.5,754189.6
200908,2.0,3.9,71.9,69.7,105.2,129.76,107.441,3.051,118.3,85.8,514.7,-14.4,0.3,0.363,3.1,1255.3,98.98,23797.0,81.0,80.2,61.9,84.384,61272.8,1380776.9,111.0,64.78,72.6,61.1,37360988.0,77.262,77.124,81.6,93.33,1939450.4,2383597.7,3.07,5.61,717468.9,956229.6,119.86,59.97,70.3,2434.8,754189.6
200909,2.0,3.6,72.2,70.0,108.7,127.41,111.63,3.051,117.8,86.6,505.94,-7.4,0.25,0.305,3.1,190.6,99.04,23983.0,84.0,82.1,68.3,84.459,59567.0,1384414.2,109.08,74.78,72.6,61.1,40178846.0,80.319,80.228,82.0,93.42,1946611.1,2390541.5,3.33,5.82,735366.3,958578.1,117.54,66.7,75.51,1745.8,754189.6
200910,2.0,3.6,72.6,70.6,111.2,123.54,110.096,0.732,123.0,86.8,486.46,-7.3,0.24,0.296,0.7,2304.7,99.14,24038.0,88.0,81.3,66.0,84.235,63396.7,1394094.4,108.91,74.32,75.1,60.9,38886456.0,79.076,78.946,82.2,92.67,1955741.5,2397783.9,3.51,5.88,740219.1,958048.5,116.25,66.29,78.17,4525.3,775985.3
200911,2.0,3.7,72.9,71.2,113.0,123.83,110.634,0.732,118.1,87.2,464.32,-9.4,0.21,0.299,0.7,589.8,99.21,23983.0,85.0,81.5,72.1,84.384,61337.1,1400475.5,107.12,74.57,75.1,61.0,40398343.0,80.072,79.926,81.7,92.99,1954193.7,2410678.8,3.54,5.87,747499.5,963885.1,118.49,65.0,74.94,3929.4,775985.3
200912,2.0,3.6,73.1,71.6,114.3,124.84,111.591,0.732,116.5,87.5,513.57,-9.3,0.22,0.342,0.7,2134.8,99.03,23406.0,89.0,82.3,72.8,84.682,62546.4,1399323.9,105.31,78.8,75.1,60.7,43819262.0,80.984,80.897,83.1,93.46,1960945.4,2420301.2,3.7,5.81,751272.7,953505.2,119.1,66.78,84.16,1535.4,775985.3
201001,2.0,4.7,73.4,71.9,115.2,123.74,112.12,2.343,117.1,88.5,496.57,-23.2,0.2,0.253,2.3,-419.8,99.37,23041.0,89.0,82.0,73.1,85.351,64920.3,1406577.5,108.03,70.94,77.6,61.3,37293708.0,82.679,82.568,82.4,93.87,1971124.1,2438565.8,3.87,5.94,774427.7,955782.2,118.58,60.5,81.1,1181.8,783323.6
201002,2.0,4.0,74.0,71.9,115.7,125.26,112.629,2.343,114.5,88.8,507.03,-3.1,0.19,0.234,2.3,1799.2,99.4,23047.0,89.0,84.2,77.9,85.523,64923.8,1425069.1,106.7,69.42,77.6,61.0,35695020.0,83.255,83.243,83.7,94.03,1993716.1,2468580.5,3.6,5.84,792552.4,958052.8,118.94,58.32,79.5,-1560.1,783323.6
201003,2.0,3.6,74.6,71.9,116.1,124.72,113.998,2.343,114.5,89.4,515.74,-7.4,0.23,0.209,2.3,1246.0,99.81,23560.0,89.0,84.5,80.1,85.696,65521.8,1435032.5,108.51,83.67,77.6,60.9,44989877.0,85.048,84.878,83.8,94.47,2008531.3,2480566.7,3.27,5.69,792910.8,962695.9,119.91,71.1,91.34,327.7,783323.6
201004,2.0,3.6,75.0,72.0,116.4,125.05,114.003,1.616,114.1,89.7,523.75,-16.7,0.3,0.139,1.6,3022.3,99.98,24116.0,94.0,84.0,77.8,86.041,64446.3,1448987.9,107.41,86.26,77.6,61.1,39607121.0,86.112,85.966,83.6,95.16,2023391.6,2500844.0,2.89,5.49,801374.8,967784.2,120.97,71.5,91.02,-2308.1,800126.9
201005,2.0,3.3,75.5,72.2,116.6,128.15,113.438,1.616,114.2,90.9,489.42,-5.8,0.45,0.102,1.6,6477.1,100.06,24495.0,95.0,85.4,74.1,86.128,67868.6,1456909.3,104.81,84.86,77.6,61.2,40587662.0,86.767,86.628,84.9,95.96,2031501.0,2517244.0,2.89,5.4,826075.3,974047.5,124.39,68.79,89.18,4537.5,800126.9
201006,2.0,3.5,75.9,72.4,116.7,131.88,113.384,1.616,116.0,91.1,489.98,-5.7,0.52,0.047,1.6,3207.0,99.96,24474.0,94.0,85.4,79.8,86.041,66794.8,1466581.2,104.1,87.66,77.6,61.1,40279767.0,86.975,86.834,84.5,96.07,2046647.2,2528782.5,3.0,5.32,837603.2,975225.8,127.31,71.49,89.38,4805.0,800126.9
201007,2.25,3.8,76.2,72.5,116.6,131.02,113.62,1.017,115.9,91.5,481.45,2.4,0.41,-0.002,1.0,3154.9,99.98,24500.0,93.0,84.8,77.9,86.214,67584.5,1482417.4,104.75,88.53,79.0,61.5,41360524.0,87.43,87.427,84.3,96.31,2061344.9,2545640.9,3.1,5.39,841492.5,978910.0,126.84,73.35,90.19,2039.1,815991.1
201008,2.25,3.5,76.2,72.5,116.4,127.49,110.856,1.017,113.5,91.8,464.71,-1.7,0.32,-0.007,1.0,3653.2,100.12,24214.0,88.0,84.3,84.2,86.647,68111.5,1488033.3,104.4,83.64,79.0,61.1,41665371.0,87.017,86.94,83.9,96.6,2066693.0,2563338.5,3.16,5.51,849611.8,978486.6,126.68,69.5,90.29,2582.0,815991.1
201009,2.25,3.7,76.1,72.6,115.9,126.41,111.637,1.017,112.4,92.1,492.75,-6.6,0.28,-0.042,1.0,3945.5,100.18,24270.0,88.0,84.2,81.2,87.337,69729.7,1495141.5,102.48,85.49,79.0,61.1,41079489.0,87.035,87.031,83.7,97.16,2079738.2,2579624.4,3.08,5.45,852983.1,983395.2,126.54,69.65,89.76,3475.1,815991.1
201010,2.25,3.7,76.0,72.4,115.4,122.68,112.68,1.412,112.0,91.8,526.45,-15.8,0.27,-0.033,1.4,1636.4,100.3,24398.0,89.0,84.7,80.6,87.337,70022.7,1498033.9,101.62,94.69,79.9,61.1,41072428.0,87.986,87.918,84.0,97.52,2082834.7,2590240.6,3.01,5.37,871671.2,991773.6,124.95,76.15,93.89,2737.3,843189.6
201011,2.5,3.3,76.3,72.5,114.7,123.37,113.191,1.412,115.3,91.9,498.39,-2.1,0.27,0.03,1.4,1293.3,100.34,24347.0,90.0,85.1,81.8,86.906,69687.7,1506545.1,100.54,93.09,79.9,60.9,44316792.0,88.543,88.466,84.3,97.85,2090828.5,2614406.6,3.09,5.34,880035.3,997054.2,127.37,73.26,98.61,4381.8,843189.6
201012,2.5,3.7,76.8,72.6,113.9,127.0,115.789,1.412,114.1,92.8,510.69,22.5,0.3,0.113,1.4,-1065.0,100.52,23931.0,90.0,86.1,82.1,87.251,71409.2,1516914.0,99.55,96.64,79.9,61.3,45788120.0,89.988,89.905,84.9,98.76,2112037.2,2622540.4,3.32,5.4,873890.6,987148.1,133.08,74.69,102.52,-678.6,843189.6
201101,2.75,3.6,77.6,73.1,113.1,124.74,117.945,0.955,112.6,92.6,521.38,-17.1,0.29,0.091,1.0,-1132.2,100.99,23439.0,87.0,88.3,80.7,88.288,73273.1,1520642.1,97.4,92.72,81.3,60.8,44348384.0,93.144,93.019,86.8,100.28,2122558.4,2644620.8,3.46,5.64,875289.4,993802.1,132.46,69.92,108.42,-1955.6,855514.6
201102,2.75,3.6,77.7,73.4,112.2,127.24,114.103,0.955,110.2,92.2,504.46,-5.4,0.28,0.089,1.0,3832.4,101.49,23589.0,84.0,84.8,80.0,88.892,73769.2,1521655.1,97.42,84.29,81.3,61.3,39286019.0,90.175,90.047,84.6,101.03,2130714.2,2691895.0,3.62,5.66,891529.7,1001239.2,136.18,62.22,94.09,1790.6,855514.6
201103,3.0,3.7,78.0,73.5,111.4,131.09,115.929,0.955,98.7,93.2,525.42,-7.5,0.28,0.108,1.0,-1706.0,102.48,24114.0,87.0,87.7,83.8,89.238,72954.3,1530223.2,96.27,104.67,81.3,61.6,45802472.0,92.369,92.357,86.0,102.24,2146545.4,2699206.4,3.67,5.78,890656.0,1008342.8,141.08,74.42,117.16,-3399.4,855514.6
201104,3.0,3.5,77.8,73.5,110.7,129.26,113.479,0.434,100.9,92.9,511.0,-3.2,0.23,0.098,0.4,-439.9,103.14,24581.0,92.0,86.7,79.3,89.325,73418.5,1539009.1,95.16,103.84,82.0,61.4,43365817.0,91.032,90.967,86.3,102.87,2160399.1,2726322.8,3.68,5.7,897086.0,1020032.7,141.95,71.72,114.1,-2766.8,877178.2
201105,3.0,3.3,78.4,73.6,110.1,127.0,113.543,0.434,104.8,93.0,484.54,5.2,0.21,0.097,0.4,-2429.3,103.63,24950.0,90.0,87.1,83.9,89.497,73829.4,1547725.2,91.08,103.59,82.0,61.4,47226380.0,91.419,91.37,86.3,103.18,2166939.4,2730820.1,3.67,5.76,898462.8,1027141.8,138.92,69.14,115.83,1019.8,877178.2
201106,3.25,3.3,78.7,73.6,109.5,125.55,114.495,0.434,102.3,93.3,479.55,-11.7,0.22,0.1,0.4,779.0,103.52,25053.0,88.0,88.0,83.8,89.67,75232.8,1550022.4,91.94,104.71,82.0,61.5,45181924.0,92.157,92.099,86.8,102.95,2184277.0,2746978.8,3.7,5.8,908396.2,1028822.5,138.21,70.98,114.8,946.5,877178.2
201107,3.25,3.4,78.9,73.7,108.9,123.12,112.837,0.463,102.7,93.7,536.05,0.1,0.24,0.101,0.5,2243.0,103.61,24933.0,87.0,87.5,81.7,90.102,74712.5,1555990.0,92.2,106.28,81.9,61.4,44452984.0,92.023,91.927,87.5,103.09,2203943.3,2773512.0,3.79,5.86,914146.4,1036406.5,136.49,72.37,113.46,3198.5,891271.6
201108,3.25,3.2,79.3,73.7,108.2,124.03,111.219,0.463,97.9,94.4,493.44,-3.3,0.29,0.094,0.5,4866.7,103.89,24784.0,81.0,87.8,88.6,90.707,76447.5,1571378.8,91.39,101.95,81.9,61.4,46411423.0,91.679,91.599,88.1,103.22,2223358.5,2788386.5,3.77,5.84,921067.0,1042136.7,136.84,69.11,115.33,5530.5,891271.6
201109,3.25,3.3,79.1,73.7,107.5,127.67,112.391,0.463,97.2,94.3,449.66,-2.2,0.33,0.094,0.5,3057.6,104.05,24604.0,82.0,87.6,81.0,90.62,77368.6,1579257.0,91.41,106.52,81.9,60.8,46060517.0,91.67,91.578,87.0,103.3,2234173.2,2823669.7,3.71,5.76,927486.3,1052250.8,141.63,72.72,116.71,3184.9,891271.6
201110,3.25,3.3,79.5,73.8,106.7,129.21,113.222,0.671,99.9,94.9,490.69,-1.2,0.37,0.095,0.7,610.6,103.84,24965.0,82.0,88.6,76.7,90.448,77080.8,1597926.7,90.51,104.04,81.8,61.5,45224513.0,93.664,93.586,87.4,103.2,2254320.1,2840652.9,3.71,5.77,938946.7,1064421.3,143.01,71.5,110.21,4912.3,916162.2
201111,3.25,3.3,79.4,73.8,106.0,125.82,112.162,0.671,104.6,94.9,492.81,-2.0,0.41,0.095,0.7,4545.7,103.75,24885.0,80.0,87.5,81.6,90.534,76835.2,1603013.1,91.39,104.06,81.8,61.5,45537738.0,92.002,92.004,87.1,102.87,2257082.8,2860160.2,3.69,5.83,942925.5,1071358.2,141.01,72.87,109.69,6690.4,916162.2
201112,3.25,3.2,79.6,73.8,105.3,125.69,109.679,0.671,98.3,95.4,500.18,-63.7,0.49,0.098,0.7,2410.8,103.49,24421.0,81.0,86.7,82.1,90.879,77862.6,1599168.0,89.7,105.5,81.8,61.5,47895631.0,90.237,90.158,86.2,102.97,2262725.4,2854209.7,3.77,5.69,947801.4,1063192.5,141.22,73.65,117.19,3768.6,916162.2
201201,3.25,3.3,79.5,74.1,104.7,126.85,111.678,0.956,96.9,96.0,513.99,-9.6,0.4,0.087,1.0,1854.9,103.95,24024.0,78.0,87.6,87.8,91.242,81088.1,1603967.0,91.03,91.7,82.8,61.4,45186542.0,92.62,92.495,87.4,103.5,2272928.2,2881050.5,3.75,5.79,938494.0,1066592.2,142.61,64.4,112.49,346.1,916472.3
201202,3.25,3.3,80.0,74.5,104.1,126.39,117.358,0.956,101.4,96.3,542.3,-5.8,0.3,0.091,1.0,-3007.0,104.41,24079.0,79.0,89.5,93.5,91.588,80262.2,1612098.2,91.3,102.5,82.8,61.6,43012603.0,96.696,96.662,88.1,104.21,2282932.9,2896774.5,3.73,5.71,950631.6,1069053.8,143.3,71.31,115.16,-167.4,916472.3
201203,3.25,3.3,80.1,74.8,103.5,127.18,112.818,0.956,102.0,95.8,519.56,-3.8,0.29,0.12,1.0,4706.6,105.2,24566.0,81.0,88.3,81.3,91.614,79044.6,1618320.7,90.11,105.97,82.8,61.7,46326784.0,93.181,93.169,87.4,104.73,2316971.4,2954784.0,3.72,5.74,963098.8,1070385.9,145.68,72.26,115.66,3309.6,916472.3
201204,3.25,3.3,80.3,75.1,102.7,127.72,113.127,0.422,106.4,96.5,478.89,0.3,0.29,0.116,0.4,794.4,105.52,25058.0,82.0,88.3,83.7,91.605,80844.0,1629427.9,88.28,101.47,83.2,61.7,46044761.0,94.192,94.116,87.5,104.78,2330215.5,2953460.7,3.7,5.71,956856.5,1076282.8,144.11,68.13,112.96,-1585.5,928561.6
201205,3.25,3.2,80.5,75.2,101.7,126.67,112.985,0.422,106.8,96.7,471.94,-1.0,0.29,0.112,0.4,4313.1,105.39,25431.0,82.0,89.3,79.5,91.769,80494.9,1633889.0,88.36,104.77,83.2,61.8,48844253.0,94.705,94.571,88.4,104.19,2329498.7,2972489.4,3.64,5.66,962971.4,1080860.2,141.39,71.87,114.7,2372.1,928561.6
201206,3.25,3.2,80.6,75.4,100.5,124.89,111.01,0.422,100.6,96.7,489.16,-6.0,0.32,0.097,0.4,5554.3,105.24,25412.0,78.0,88.2,76.0,91.639,82278.6,1647303.9,89.67,105.11,83.2,61.7,46057681.0,92.867,92.728,88.0,102.93,2351012.6,2996391.8,3.63,5.58,976938.7,1083714.2,136.37,74.7,107.67,3163.2,928561.6
201207,3.0,3.2,81.0,75.4,99.1,123.24,108.909,0.446,99.2,96.9,467.61,-5.5,0.3,0.065,0.4,7022.6,105.07,25378.0,69.0,88.9,80.5,91.432,82195.9,1655328.1,93.49,104.08,83.4,61.7,47707305.0,92.028,91.934,88.9,102.48,2366502.8,3010729.7,3.43,5.45,971628.7,1085112.3,135.21,77.05,107.69,8587.8,940745.6
201208,3.0,3.2,80.7,75.4,97.8,123.2,103.527,0.446,99.7,96.5,508.35,-1.9,0.26,0.032,0.4,2370.3,105.65,25121.0,69.0,87.6,74.0,91.855,83163.1,1665020.0,93.42,98.72,83.4,61.5,45710847.0,90.382,90.303,88.6,103.11,2377867.4,3029645.1,3.19,5.22,975454.9,1089617.2,137.46,72.33,105.72,2989.3,940745.6
201209,3.0,3.2,80.8,75.4,96.6,123.39,106.976,0.446,97.6,96.4,523.78,-1.6,0.24,0.024,0.4,3755.1,106.12,25257.0,68.0,88.3,76.5,92.512,82993.7,1665281.6,91.49,107.32,83.4,61.7,48081223.0,91.12,91.112,88.7,103.47,2386310.1,3044706.5,3.18,5.13,979542.3,1096901.7,138.46,76.67,109.42,5510.9,940745.6
201210,2.75,3.1,80.8,75.5,95.7,120.79,109.633,0.745,98.9,96.8,508.31,-4.9,0.23,0.059,0.7,7135.0,106.08,25315.0,68.0,88.7,77.7,92.339,84604.6,1676747.9,90.3,108.29,83.9,61.6,47461738.0,93.677,93.686,88.2,102.67,2398684.2,3054204.3,3.08,4.98,973179.6,1102654.7,133.89,76.48,111.61,6996.9,963794.4
201211,2.75,3.2,81.2,75.8,95.1,117.48,110.356,0.745,99.2,97.1,499.37,0.7,0.23,0.067,0.7,6815.5,105.58,25182.0,66.0,89.2,73.4,92.011,83181.7,1675811.9,91.18,110.6,83.9,61.5,47875119.0,94.448,94.362,88.3,101.96,2403718.4,3068039.5,3.02,4.94,980029.1,1105898.1,129.93,79.45,111.99,9100.5,963794.4
201212,2.75,3.2,81.6,76.1,94.9,116.6,109.761,0.745,98.0,97.4,496.32,-2.6,0.24,0.082,0.7,7475.7,105.29,24637.0,68.0,89.2,78.1,92.175,85422.0,1686156.0,92.18,102.99,83.9,61.3,49549126.0,94.552,94.54,87.8,101.71,2422242.3,3077778.3,3.1,4.84,990273.1,1099781.8,128.57,74.89,110.6,7765.8,963794.4
201301,2.75,3.2,81.8,76.2,95.0,116.53,113.721,0.793,101.7,97.4,503.67,-8.0,0.23,0.031,0.8,7196.2,105.61,24287.0,69.0,89.7,77.3,92.728,85759.5,1698131.6,92.95,104.6,83.6,61.3,46665724.0,96.66,96.704,88.4,101.87,2428972.6,3097378.2,3.0,5.0,983449.1,1099778.9,127.54,76.04,116.57,2709.3,962874.9
201302,2.75,3.1,82.0,76.5,95.2,119.37,109.396,0.793,100.9,97.8,535.87,-2.9,0.22,0.066,0.8,5098.7,106.47,24215.0,68.0,90.5,76.2,93.038,86887.8,1711076.9,93.05,97.15,83.6,61.0,42937391.0,94.186,94.153,89.7,102.57,2448298.0,3125750.7,2.94,4.91,990663.7,1101851.1,131.02,70.37,104.12,1709.8,962874.9
201303,2.75,3.0,82.0,76.7,95.6,119.68,108.313,0.793,104.1,98.2,555.02,8.2,0.21,0.109,0.8,6481.5,106.75,24736.0,71.0,88.9,77.2,92.952,89476.2,1718308.7,92.15,107.8,83.6,61.3,47231439.0,93.21,93.108,88.6,102.16,2464947.0,3140272.2,2.87,4.77,994749.1,1104331.3,129.98,77.75,112.37,6871.2,962874.9
201304,2.75,3.0,82.2,77.0,96.1,120.39,108.548,1.13,101.4,98.2,563.87,-1.6,0.2,0.132,1.1,6339.8,106.64,25322.0,73.0,90.2,75.3,92.823,87890.0,1717442.2,93.07,106.82,83.8,61.5,47469966.0,93.661,93.51,89.2,101.84,2475544.4,3175332.6,2.75,4.73,992183.8,1110645.3,130.1,78.68,112.51,2067.9,979641.9
201305,2.5,3.1,82.4,77.2,96.7,119.35,107.749,1.13,104.0,98.2,577.87,-11.0,0.2,0.13,1.1,8395.2,106.83,25610.0,73.0,90.0,76.4,92.823,89529.1,1723903.5,94.27,111.53,83.8,61.6,49204775.0,93.165,93.039,89.5,101.49,2487542.7,3181627.9,2.67,4.62,993836.0,1116788.7,127.75,83.38,108.73,12505.6,979641.9
201306,2.5,3.1,82.8,77.6,97.2,122.39,107.217,1.13,104.9,98.4,519.06,-14.9,0.19,0.105,1.1,5398.8,107.08,25686.0,74.0,89.7,77.3,92.71,91693.3,1735168.6,95.13,103.11,83.8,61.7,46418903.0,93.207,93.151,89.2,101.48,2494648.3,3190299.9,2.66,4.52,1008815.8,1125805.5,130.45,77.6,104.67,4895.5,979641.9
201307,2.5,3.2,83.0,78.0,97.8,121.3,104.275,1.003,104.6,98.1,554.31,1.1,0.14,0.019,1.0,5734.7,107.13,25681.0,70.0,89.6,81.2,92.909,91344.0,1733115.5,95.45,105.72,84.4,61.8,50065634.0,92.117,92.028,89.1,101.46,2503747.8,3209948.6,2.64,4.6,987224.1,1129168.6,129.39,79.9,111.46,9082.4,993617.0
201308,2.5,3.2,83.2,78.3,98.4,120.51,106.251,1.003,104.8,98.7,516.74,18.2,0.12,0.001,1.0,7164.7,107.26,25513.0,70.0,90.3,83.3,93.238,94576.4,1739717.8,94.92,104.56,84.4,61.8,47083493.0,93.658,93.577,90.0,101.74,2520581.5,3239433.6,2.63,4.55,998840.6,1135486.7,130.22,78.75,106.73,5706.1,993617.0
201309,2.5,3.0,83.3,78.4,99.0,117.56,103.383,1.003,101.2,99.2,534.89,-6.5,0.11,0.076,1.0,6824.8,107.38,25701.0,72.0,89.7,75.0,93.419,94519.5,1761110.1,94.17,102.72,84.4,62.0,47741116.0,91.725,91.625,89.6,101.63,2545776.8,3253259.1,2.64,4.54,1004337.4,1141771.1,127.21,76.45,106.38,6821.0,993617.0
201310,2.5,3.1,83.8,78.8,99.5,115.38,107.67,0.876,106.5,99.1,532.44,-2.0,0.12,0.152,0.9,8094.2,107.1,25798.0,75.0,90.9,88.0,93.134,93780.4,1767779.4,93.78,115.57,84.5,62.1,48119676.0,94.432,94.275,89.9,101.27,2552195.2,3281580.3,2.63,4.46,1009339.5,1151207.5,124.12,85.71,117.1,9718.2,1019040.5
201311,2.5,3.1,84.1,79.1,99.9,114.49,107.641,0.876,108.1,99.4,517.06,0.0,0.12,0.156,0.9,4127.3,106.89,25795.0,74.0,90.6,81.5,93.116,93898.4,1782729.9,94.17,110.98,84.5,62.2,47627670.0,93.839,93.837,89.9,101.07,2564900.7,3301952.5,2.62,4.5,1009713.3,1161013.7,123.56,82.83,111.24,7822.4,1019040.5
201312,2.5,3.3,84.5,79.4,100.3,114.12,108.576,0.876,107.4,99.5,499.99,-7.6,0.14,0.151,0.9,6402.9,106.88,25248.0,73.0,90.2,80.7,93.229,97197.9,1795257.0,94.4,107.33,84.5,62.2,50077057.0,95.528,95.515,88.9,101.3,2584455.3,3319686.1,2.67,4.52,1009685.4,1154760.3,124.03,80.11,114.14,8629.9,1019040.5
201401,2.5,3.3,84.9,79.7,100.4,114.29,110.309,0.767,110.1,99.2,515.2,-3.0,0.12,0.107,0.8,5955.4,107.27,25050.0,72.0,92.1,79.8,93.73,97858.0,1799846.9,92.82,104.12,85.7,62.5,47735539.0,96.385,96.339,91.3,101.57,2597157.8,3350171.5,2.65,4.53,1008925.2,1162583.6,123.71,76.86,115.7,3148.2,1022446.2
201402,2.5,3.5,85.2,79.9,100.5,115.05,109.848,0.767,109.0,99.9,528.96,3.5,0.13,0.142,0.8,7024.0,107.67,25116.0,74.0,91.5,85.9,93.98,98935.9,1814781.0,93.73,99.33,85.7,62.8,43025682.0,95.849,95.808,90.9,101.7,2613055.9,3368318.5,2.63,4.45,1025020.5,1169134.7,124.78,74.08,108.77,6462.7,1022446.2
201403,2.5,3.4,85.5,80.1,100.3,114.55,110.421,0.767,109.5,100.9,541.58,-2.6,0.12,0.199,0.8,5552.9,108.36,25463.0,75.0,91.6,83.2,94.153,100538.7,1826090.4,93.38,112.33,85.7,62.6,48685239.0,96.222,96.201,91.0,101.66,2630233.5,3377467.4,2.6,4.46,1026854.1,1171776.1,124.13,83.7,117.37,4701.5,1022446.2
201404,2.5,3.6,85.6,80.3,100.1,111.49,110.729,0.949,109.5,101.0,559.34,2.6,0.12,0.18,0.9,8545.6,108.72,25985.0,77.0,91.8,84.6,94.214,99032.6,1830800.0,93.62,115.24,85.0,62.8,47282897.0,96.357,96.291,90.3,101.5,2642341.5,3403418.9,2.6,4.42,1022502.5,1183768.4,121.07,86.36,118.19,5667.8,1035889.5
201405,2.5,3.5,85.5,80.5,99.9,109.71,105.496,0.949,105.2,101.4,546.53,-4.3,0.11,0.152,0.9,8184.9,109.1,26112.0,74.0,90.8,82.9,94.369,101660.5,1847499.7,93.82,107.79,85.0,62.5,48774430.0,92.844,92.799,90.9,101.49,2662780.1,3430318.9,2.59,4.4,1034158.8,1192150.7,119.0,80.81,109.2,8648.6,1035889.5
201406,2.5,3.5,85.7,80.7,99.7,109.59,107.659,0.949,108.0,101.7,537.06,-2.6,0.11,0.148,0.9,5750.2,109.3,26178.0,71.0,92.1,79.3,94.248,101955.5,1858233.6,93.88,105.38,85.0,62.5,47386099.0,95.467,95.407,91.7,101.53,2675550.3,3452901.3,2.57,4.4,1048020.4,1197252.1,118.94,78.81,107.89,9821.5,1035889.5
201407,2.5,3.5,85.9,80.9,99.6,109.95,108.842,0.258,105.4,102.0,536.32,-6.3,0.13,0.168,0.3,5342.9,109.26,26280.0,70.0,92.3,83.6,94.386,101948.7,1869730.2,93.66,112.49,86.1,62.7,50721418.0,96.158,96.151,91.9,101.61,2689516.0,3486597.5,2.49,4.39,1041276.7,1203371.5,118.32,83.64,116.64,5184.4,1056441.5
201408,2.25,3.5,86.3,81.2,99.5,110.14,103.235,0.258,107.4,101.8,570.2,11.2,0.13,0.138,0.3,7318.0,109.08,26183.0,70.0,91.5,76.1,94.551,108616.2,1891814.7,94.14,104.32,86.1,62.9,48529802.0,92.766,92.68,92.3,101.5,2707669.3,3511780.2,2.36,4.18,1051324.5,1212151.8,117.37,78.0,110.66,7809.2,1056441.5
201409,2.25,3.5,86.3,81.5,99.6,109.85,103.93,0.258,108.3,102.1,573.22,-1.3,0.12,0.186,0.3,6466.3,109.16,26213.0,72.0,90.5,83.9,94.49,104701.0,1901679.4,94.84,108.08,86.1,62.8,48692960.0,91.946,91.852,91.7,101.14,2732540.8,3524420.2,2.28,4.14,1056981.5,1220907.4,115.94,82.04,113.38,7860.5,1056441.5
201410,2.0,3.6,86.2,81.8,99.6,110.65,103.733,0.532,105.5,102.1,558.7,-1.1,0.12,0.202,0.5,6097.8,108.89,26247.0,69.0,91.2,79.9,94.205,107261.2,1912477.6,95.01,115.17,86.3,62.8,49888999.0,91.502,91.427,92.3,100.43,2747212.2,3553658.8,2.18,4.0,1062397.9,1235268.5,114.7,89.15,113.86,6903.4,1085259.2
201411,2.0,3.6,86.3,82.1,99.6,111.95,104.775,0.532,103.2,102.7,545.08,-0.8,0.13,0.159,0.5,8940.2,108.3,26260.0,71.0,91.3,91.2,94.015,107041.4,1935697.0,97.04,107.37,86.3,62.9,48846107.0,92.422,92.335,92.3,100.12,2769096.3,3585961.2,2.1,3.88,1075492.9,1244462.8,113.7,86.43,105.99,9668.0,1085259.2
201412,2.0,3.7,86.8,82.4,99.7,109.1,107.265,0.532,101.5,102.7,542.97,-4.2,0.15,0.166,0.5,7851.6,107.68,25679.0,71.0,91.5,90.8,94.006,110427.6,1946213.6,98.04,111.5,86.3,62.7,52395193.0,94.951,94.941,91.6,99.14,2795365.7,3609139.2,2.16,3.91,1080543.3,1250103.3,107.86,93.6,112.7,10632.0,1085259.2
201501,2.0,3.6,87.2,82.8,99.7,104.4,105.605,0.864,103.0,101.9,591.58,-13.0,0.16,0.143,0.9,11095.9,107.18,25392.0,71.0,91.5,87.9,94.643,113202.0,1949424.5,100.8,99.42,87.7,62.8,48227242.0,92.55,92.517,92.1,97.92,2807592.9,3628473.6,2.09,3.9,1069318.2,1258300.9,99.72,88.2,101.11,5241.0,1098305.0
201502,2.0,3.5,87.7,83.2,99.7,105.78,106.738,0.864,103.7,101.2,624.56,-1.7,0.15,0.149,0.9,8469.3,107.64,25471.0,71.0,92.8,91.6,94.587,114034.3,1966543.7,105.41,87.92,87.7,62.9,44569997.0,94.23,94.092,93.6,97.99,2830920.8,3652460.0,2.04,3.86,1079856.8,1267564.3,102.52,81.53,87.16,6689.5,1098305.0
201503,1.75,3.5,87.7,83.7,99.5,106.77,104.45,0.864,101.8,100.9,650.49,-7.3,0.14,0.186,0.9,8857.6,108.28,25766.0,74.0,92.1,89.5,94.596,115830.8,1983317.2,103.89,105.55,87.7,62.7,50326021.0,93.292,93.195,93.4,97.87,2860479.7,3674333.9,1.92,3.61,1092540.1,1273076.7,102.86,97.02,98.82,10055.7,1098305.0
201504,1.75,3.6,87.9,84.1,99.2,104.81,105.38,0.43,104.7,100.4,689.01,-8.7,0.13,0.197,0.4,9162.2,108.5,26153.0,78.0,92.8,87.2,94.625,115248.6,2006484.3,104.61,105.32,87.6,62.6,51920918.0,94.458,94.394,93.9,97.84,2890499.0,3717729.3,1.78,3.36,1093039.1,1287415.5,100.38,97.48,97.78,8637.5,1131535.5
201505,1.75,3.6,87.7,84.5,98.8,105.92,102.239,0.43,106.1,99.9,711.39,-1.6,0.15,0.178,0.4,6674.8,109.06,26431.0,75.0,91.7,84.1,94.89,117608.5,2018864.2,105.79,97.74,87.6,62.8,51444587.0,92.084,91.94,93.2,97.9,2908742.5,3743102.5,1.75,3.56,1104368.2,1292675.9,101.65,90.84,91.25,7004.1,1131535.5
201506,1.5,3.8,87.9,84.7,98.3,107.14,104.642,0.43,98.6,99.6,742.27,-15.3,0.18,0.212,0.4,9691.9,109.44,26440.0,66.0,92.3,87.4,94.909,119343.5,2028091.1,105.1,102.84,87.6,62.8,49225496.0,93.766,93.625,92.8,97.85,2930697.8,3771740.0,1.67,3.49,1120488.4,1283772.4,102.23,95.37,92.63,9990.4,1131535.5
201507,1.5,3.8,88.1,84.9,98.0,107.72,103.183,1.484,100.7,100.2,725.06,-29.9,0.19,0.215,1.5,8671.3,109.45,26538.0,70.0,92.4,90.4,95.08,122956.2,2046768.0,104.71,102.62,88.2,62.9,53499993.0,92.639,92.552,93.8,97.5,2960374.6,3795642.7,1.57,3.43,1115937.1,1289200.9,101.79,96.62,97.52,9726.1,1164895.2
201508,1.5,3.6,88.8,85.1,97.6,108.39,104.949,1.484,102.0,100.1,687.11,1.5,0.26,0.19,1.5,8527.8,109.29,26369.0,69.0,93.9,90.0,95.213,122945.9,2058804.8,104.99,91.2,88.2,62.8,50600642.0,94.976,94.883,94.6,96.89,2975346.2,3813654.4,1.55,3.44,1130709.0,1302653.4,101.37,88.24,88.66,8062.4,1164895.2
201509,1.5,3.5,89.7,85.6,97.3,107.53,106.692,1.484,103.3,99.8,678.48,2.2,0.27,0.191,1.5,9091.7,109.12,26487.0,69.0,94.9,90.7,94.966,126003.8,2069757.1,106.64,99.41,88.2,62.8,52420213.0,96.296,96.196,94.9,96.47,2998942.9,3833606.1,1.54,3.43,1139832.4,1314440.9,100.75,99.12,87.2,10594.1,1164895.2
201510,1.5,3.5,90.3,85.9,96.8,103.43,105.65,0.773,105.9,99.3,683.63,-5.4,0.25,0.223,0.8,7421.1,109.07,26519.0,73.0,94.0,92.4,94.966,125585.8,2076050.9,106.59,101.64,91.1,62.8,54890580.0,95.445,95.366,95.3,95.81,3014304.2,3857360.7,1.58,3.42,1141504.3,1333439.5,97.63,102.22,92.97,11227.6,1203099.2
201511,1.5,3.6,90.4,86.1,96.3,102.31,105.116,0.773,106.6,98.6,688.38,18.8,0.3,0.242,0.8,8136.3,108.84,26469.0,69.0,94.0,88.1,94.786,127160.5,2084185.5,105.87,93.83,91.1,62.8,51816410.0,94.843,94.754,94.9,95.43,3028353.3,3868718.9,1.66,3.44,1144738.0,1344168.1,95.95,94.77,86.81,7099.0,1203099.2
201512,1.5,3.5,90.6,86.1,95.8,102.38,104.212,0.773,103.2,98.1,682.35,0.2,0.54,0.251,0.8,9318.7,108.47,26098.0,69.0,94.6,89.6,95.07,128377.1,2094647.7,105.73,96.93,91.1,63.0,55299120.0,93.79,93.698,96.0,95.21,3046984.6,3907461.9,1.72,3.46,1163727.4,1346815.8,94.92,99.59,90.21,8629.8,1203099.2
201601,1.5,3.6,90.5,86.1,95.3,102.78,103.715,0.385,100.4,98.6,682.8,-2.6,0.57,0.173,0.4,9875.7,108.65,25646.0,67.0,93.6,84.1,95.232,131185.6,2112089.3,106.24,81.45,91.2,62.8,53531254.0,93.611,93.478,94.5,94.69,3067769.4,3922269.9,1.65,3.49,1153532.3,1353670.7,93.46,85.9,79.66,6747.7,1223653.9
201602,1.5,3.8,90.7,86.1,95.0,103.6,105.054,0.385,98.1,98.1,651.62,-2.3,0.54,0.17,0.4,8272.6,108.74,25615.0,63.0,94.6,85.9,95.64,132239.8,2129784.1,108.73,80.77,91.2,62.8,49210387.0,94.346,94.318,95.6,94.69,3086489.3,3948150.7,1.58,3.47,1170743.1,1357222.6,94.93,88.0,74.6,9443.0,1223653.9
201603,1.5,3.7,90.7,86.5,94.9,102.34,104.924,0.385,100.4,97.4,688.38,-3.2,0.55,0.216,0.4,11224.7,109.21,25980.0,68.0,95.2,86.8,95.393,132782.0,2136613.8,109.58,96.71,91.2,62.7,54263697.0,95.797,95.697,95.9,94.63,3119375.8,3989506.7,1.56,3.5,1180204.6,1361310.2,95.02,105.16,85.17,12051.8,1223653.9
201604,1.5,3.6,90.9,86.8,95.0,99.33,103.432,1.253,102.1,97.7,699.77,-5.0,0.55,0.214,1.3,7319.8,109.72,26325.0,70.0,94.8,86.9,95.573,135160.6,2145385.9,107.63,91.21,92.5,62.5,56752685.0,94.636,94.474,96.3,94.87,3135438.4,3991233.5,1.56,3.44,1171348.4,1372906.9,93.28,96.97,82.98,1596.7,1257583.2
201605,1.5,3.5,91.4,87.1,95.4,101.72,106.056,1.253,99.6,97.5,698.45,1.0,0.57,0.221,1.3,9493.0,110.17,26613.0,71.0,96.1,89.1,95.63,135898.9,2163643.3,106.94,92.34,92.5,62.7,58545327.0,97.382,97.327,96.4,94.98,3147394.6,4005358.1,1.54,3.45,1180870.5,1382525.0,96.51,96.96,83.02,10226.6,1257583.2
201606,1.25,3.6,91.8,87.4,95.9,101.88,105.017,1.253,99.1,97.9,675.09,-3.0,0.55,0.246,1.3,11012.0,110.53,26718.0,71.0,96.5,93.0,95.611,136479.1,2178064.5,105.96,95.91,92.5,62.8,54925420.0,97.103,97.05,96.9,95.21,3170189.3,4041442.3,1.44,3.31,1200900.7,1387028.0,97.25,99.53,84.97,10914.8,1257583.2
201607,1.25,3.6,92.3,87.7,96.4,99.71,103.886,0.387,101.4,98.0,706.24,5.8,0.62,0.244,0.4,7585.6,110.35,26765.0,71.0,95.9,87.0,95.431,136918.3,2193889.4,105.18,94.62,91.1,62.8,58420585.0,96.208,96.116,96.8,95.1,3191756.0,4064224.9,1.32,3.23,1194202.8,1398400.5,94.55,97.47,84.62,9202.5,1296456.7
201608,1.25,3.9,92.6,88.1,96.9,97.88,100.765,0.387,102.4,97.9,663.69,17.2,0.73,0.234,0.4,6111.1,110.45,26696.0,72.0,96.4,93.9,95.677,140308.1,2212930.6,106.37,89.97,91.1,63.2,55805879.0,94.707,94.621,97.6,95.19,3214454.0,4097538.8,1.31,3.23,1207739.3,1407014.0,92.87,92.82,89.36,6869.0,1296456.7
201609,1.25,3.9,92.7,88.5,97.2,98.65,101.403,0.387,102.3,97.8,681.21,-9.1,0.75,0.237,0.4,6415.8,110.72,26697.0,72.0,96.2,90.3,96.247,141285.5,2215033.9,106.95,94.3,91.1,63.1,56671838.0,94.962,94.864,97.3,95.41,3236276.1,4129215.2,1.35,3.27,1213373.7,1414232.0,93.03,96.64,86.84,8554.6,1296456.7
201610,1.25,3.8,92.8,88.9,97.5,101.97,100.343,0.77,102.6,97.8,624.68,-6.3,0.72,0.252,0.8,4842.8,110.86,26746.0,71.0,95.5,90.9,96.379,141244.6,2232353.3,108.48,96.5,93.1,63.1,60890718.0,94.453,94.372,96.7,95.69,3271258.9,4156816.3,1.41,3.29,1222552.0,1425102.2,97.07,98.36,89.16,8419.3,1342526.8
201611,1.25,3.7,93.3,89.3,97.7,105.85,105.462,0.77,95.7,97.4,596.11,-35.0,0.71,0.242,0.8,6764.7,110.68,26762.0,73.0,97.4,97.1,96.237,142102.7,2255845.8,106.44,101.58,93.1,63.0,56704176.0,99.373,99.288,96.6,96.12,3297952.2,4191575.1,1.51,3.36,1232657.0,1435777.7,99.43,101.2,94.66,8504.6,1342526.8
201612,1.25,3.5,93.7,89.7,97.9,109.12,102.99,0.77,93.9,98.1,631.44,-3.7,0.87,0.218,0.8,9005.7,110.72,26347.0,73.0,97.2,97.7,96.342,143693.2,2265136.6,108.21,104.74,93.1,63.0,60040237.0,97.945,97.854,97.2,96.96,3314006.9,4220397.7,1.56,3.44,1240973.6,1424149.2,103.61,104.69,96.78,7394.7,1342526.8
201701,1.25,3.5,94.3,90.1,98.2,110.44,106.452,1.133,93.0,97.8,616.13,42.9,0.9,0.183,1.1,7178.4,111.37,25878.0,74.0,97.8,98.1,97.366,146333.3,2274550.6,105.38,93.07,93.0,62.9,59978312.0,99.871,99.828,97.1,98.37,3335291.6,4236954.4,1.51,3.51,1221517.7,1429377.3,105.91,90.04,96.35,4325.2,1358967.4
201702,1.25,3.9,94.6,90.5,98.6,108.88,105.169,1.133,94.2,97.4,612.2,-2.0,0.87,0.231,1.1,7847.7,111.72,25979.0,74.0,97.8,97.6,97.632,148398.6,2282605.6,105.67,98.64,93.0,63.2,54134885.0,98.755,98.614,97.1,98.75,3344478.1,4246126.3,1.49,3.45,1238372.0,1433627.6,103.66,93.86,92.9,9013.4,1358967.4
201703,1.25,3.6,95.0,90.9,99.1,107.44,105.991,1.133,96.8,98.1,619.28,-1.7,0.98,0.321,1.1,5546.2,111.81,26443.0,78.0,99.1,104.7,97.565,144885.2,2294876.9,104.71,111.45,93.0,63.2,59490460.0,100.673,100.569,97.8,98.71,3365359.8,4269546.0,1.49,3.48,1242142.5,1435859.5,101.44,105.01,109.29,5778.2,1358967.4
201704,1.25,3.8,95.2,91.3,99.6,108.17,103.812,0.726,101.6,99.1,628.24,-26.4,1.03,0.315,0.7,6575.7,112.14,26744.0,80.0,98.1,102.0,97.442,149748.8,2310909.5,106.67,105.41,93.5,63.3,59615028.0,98.887,98.817,97.9,98.5,3381093.3,4291818.2,1.48,3.42,1237841.2,1445219.3,101.87,100.38,96.85,1863.4,1387757.1
201705,1.25,3.5,95.6,91.7,100.1,106.88,103.854,0.726,109.0,99.2,652.04,-1.9,1.05,0.387,0.7,3885.2,112.23,26992.0,80.0,98.5,107.3,97.546,149352.1,2321693.3,105.65,102.57,93.5,63.0,59333670.0,99.363,99.211,98.1,98.23,3391497.8,4308202.6,1.48,3.45,1241552.4,1450375.7,100.43,97.11,100.71,2193.9,1387757.1
201706,1.25,3.7,95.8,92.1,100.6,106.62,102.107,0.726,112.4,99.4,669.04,-32.1,1.16,0.391,0.7,5641.0,112.34,27020.0,77.0,98.2,109.4,97.338,151233.7,2324589.3,105.74,106.43,93.5,63.1,56399161.0,97.493,97.348,98.4,97.85,3403101.0,4337698.3,1.49,3.44,1267394.0,1453379.5,99.22,101.65,103.45,8406.3,1387757.1
201707,1.25,3.6,95.9,92.4,101.2,107.82,103.154,1.372,112.6,99.1,650.47,17.1,1.22,0.391,1.4,6010.9,112.26,27078.0,78.0,98.4,105.7,97.499,151020.0,2339181.8,108.12,103.24,93.8,63.1,59281563.0,97.816,97.815,98.1,97.92,3424550.9,4357459.6,1.48,3.45,1252990.2,1464168.8,99.72,100.3,98.92,8911.6,1419108.3
201708,1.25,4.0,96.2,92.8,101.6,108.43,102.345,1.372,111.2,98.7,657.83,-21.8,1.25,0.347,1.4,6710.5,112.59,26904.0,77.0,98.8,105.3,98.058,153498.8,2354321.9,108.59,106.1,93.8,63.3,57284990.0,97.902,97.812,99.2,98.37,3446188.1,4374974.4,1.48,3.43,1269271.6,1472669.7,101.28,102.88,103.91,9407.2,1419108.3
201709,1.25,3.7,96.5,92.9,102.0,109.68,102.586,1.372,108.8,98.8,652.82,-1.2,1.25,0.32,1.4,7775.5,113.19,27011.0,81.0,99.8,107.0,98.172,155033.0,2357905.7,107.83,122.38,93.8,63.2,60752443.0,98.888,98.882,100.1,99.03,3464377.6,4405764.9,1.53,3.46,1294618.9,1482459.0,103.07,116.55,107.59,11529.2,1419108.3
201710,1.25,3.7,96.8,93.2,102.2,110.25,103.854,-0.218,110.4,100.1,694.2,-7.4,1.26,0.286,-0.2,5952.7,113.12,27026.0,78.0,99.0,98.9,98.077,158040.8,2377964.0,106.94,101.51,95.8,63.2,57003252.0,99.326,99.322,98.6,99.14,3493275.5,4413371.1,1.63,3.46,1285977.1,1494961.4,103.65,95.06,98.01,7194.0,1450627.4
201711,1.5,3.7,97.1,93.4,102.3,108.53,103.303,-0.218,113.7,100.3,771.42,38.8,1.32,0.32,-0.2,6424.1,113.12,27019.0,80.0,99.4,104.3,97.347,155912.2,2393249.7,106.68,119.11,95.8,63.2,58778962.0,99.235,99.243,99.4,99.04,3502866.0,4451414.9,1.79,3.55,1293344.5,1505855.2,103.4,110.33,108.33,9369.1,1450627.4
201712,1.5,3.6,97.0,93.5,102.1,106.89,99.462,-0.218,112.2,100.5,798.42,-31.1,1.54,0.319,-0.2,5683.0,113.06,26604.0,81.0,98.7,106.4,97.698,158841.0,2404905.7,104.45,113.47,95.8,63.3,60809199.0,96.271,96.265,99.2,99.09,3534632.4,4495400.4,1.81,3.62,1305558.4,1504333.3,102.68,102.72,112.36,6524.9,1450627.4
201801,1.5,3.4,97.2,93.7,101.7,106.65,103.7,1.443,111.4,100.5,913.57,-6.1,1.63,0.325,1.4,5735.3,113.67,26213.0,78.0,99.5,112.6,98.106,157168.7,2416728.8,104.21,114.23,98.1,63.2,60760410.0,98.715,98.675,99.4,99.5,3543437.0,4501932.2,1.8,3.69,1296039.2,1512963.2,103.52,102.12,118.18,4640.5,1468063.4
201802,1.5,3.7,97.5,94.0,101.2,107.95,103.819,1.443,109.6,100.7,857.06,-13.3,1.78,0.308,1.4,4438.9,114.19,26083.0,77.0,100.2,115.5,98.855,161227.7,2433495.6,101.98,102.48,98.1,62.9,54408303.0,98.757,98.718,100.6,99.92,3555314.9,4518111.0,1.8,3.68,1312410.2,1518460.8,103.99,89.6,106.99,3635.3,1468063.4
201803,1.5,4.0,97.7,94.2,100.6,106.42,102.588,1.443,109.5,101.2,871.09,1.7,2.08,0.351,1.4,6280.3,114.45,26555.0,77.0,99.1,107.5,98.751,160652.4,2437719.2,102.59,120.21,98.1,63.3,60825023.0,97.886,97.877,100.2,99.88,3580646.0,4562941.0,1.85,3.67,1324168.5,1525815.4,104.54,105.74,114.89,5341.4,1468063.4
201804,1.5,3.8,97.8,94.3,100.1,106.61,105.457,0.789,108.5,102.3,875.95,47.7,2.2,0.33,0.8,5854.2,114.9,26868.0,79.0,100.7,104.6,98.931,161668.5,2444524.3,103.1,116.91,98.0,63.2,61799005.0,100.988,100.918,100.7,100.01,3595149.8,4568244.6,1.82,3.65,1320696.6,1534255.8,105.69,102.81,112.88,37.2,1492135.0
201805,1.5,3.8,97.9,94.6,99.6,108.45,106.432,0.789,109.4,101.4,879.66,11.8,2.16,0.345,0.8,8534.8,115.38,27064.0,81.0,100.7,102.9,98.979,160311.9,2455881.4,101.28,121.64,98.0,63.1,63416289.0,101.624,101.564,100.5,100.3,3602770.1,4596097.0,1.84,3.68,1333028.4,1543469.7,108.8,104.1,114.8,8504.5,1492135.0
201806,1.5,3.6,98.1,94.7,99.1,109.3,104.524,0.789,106.8,102.2,818.22,-6.7,2.19,0.37,0.8,6442.1,115.56,27126.0,80.0,100.5,98.1,98.779,165008.0,2459364.0,99.0,121.05,98.0,63.0,59969525.0,100.803,100.834,100.8,100.33,3617661.0,4609622.8,1.87,3.65,1353051.7,1546960.3,110.17,101.78,115.7,4919.2,1492135.0
201807,1.5,3.8,98.2,94.9,98.6,112.03,104.345,0.547,101.9,102.4,775.52,-6.7,2.17,0.403,0.5,6684.7,115.57,27083.0,75.0,101.1,96.3,98.59,164252.5,2472679.0,99.33,120.82,97.7,63.0,63989613.0,101.175,101.079,100.8,100.8,3641817.9,4639212.9,1.82,3.67,1341176.3,1556221.9,111.66,101.86,114.84,10504.8,1513642.4
201808,1.5,4.6,98.3,94.8,98.2,111.98,104.535,0.547,99.9,103.0,816.97,-3.9,2.19,0.42,0.5,9006.1,115.63,26907.0,74.0,101.0,95.5,99.462,166943.3,2488391.7,99.73,122.18,97.7,63.4,61954435.0,101.74,101.644,100.9,101.25,3673292.6,4677056.9,1.81,3.63,1350742.7,1568274.0,111.34,103.44,113.73,8516.2,1513642.4
201809,1.5,4.1,98.2,94.9,97.7,112.2,102.027,0.547,100.9,103.1,822.27,73.3,2.24,0.427,0.5,8392.3,115.77,27055.0,75.0,100.2,92.3,100.221,169583.6,2486251.4,100.32,119.68,97.7,63.2,61549004.0,100.056,100.044,101.0,101.54,3689332.6,4693674.2,1.84,3.61,1369705.8,1577303.4,113.2,101.62,105.71,9881.3,1513642.4
201810,1.5,4.0,98.3,94.9,97.3,112.75,105.311,0.538,100.1,103.0,648.67,82.3,2.37,0.455,0.5,6153.6,115.97,27090.0,73.0,101.1,96.7,100.041,170673.5,2508905.0,98.65,129.67,98.5,63.2,64495870.0,101.793,101.796,101.4,101.19,3715549.6,4717427.3,1.93,3.64,1379617.3,1590110.4,115.19,108.47,125.16,10656.4,1536460.2
201811,1.75,3.9,98.4,94.9,96.8,109.22,103.18,0.538,96.4,103.1,695.76,-9.5,2.56,0.416,0.5,4489.0,115.58,27184.0,74.0,99.9,92.9,99.33,168653.6,2517948.1,95.88,120.19,98.5,63.3,62949512.0,99.661,99.671,100.6,100.49,3734492.8,4737079.2,1.96,3.66,1375816.2,1602332.9,109.52,99.8,120.35,3406.3,1536460.2
201812,1.75,3.7,98.4,94.9,96.5,106.19,101.167,0.538,97.6,103.1,675.65,146.1,2.69,0.341,0.5,5455.4,115.22,26638.0,72.0,99.2,90.3,98.988,173414.7,2524352.2,98.18,109.28,98.5,63.0,64790366.0,97.284,97.276,100.7,100.0,3750344.5,4777785.2,2.05,3.72,1394987.3,1600280.5,105.46,95.24,112.81,6430.3,1536460.2
201901,1.75,3.9,98.8,95.0,96.2,104.74,102.876,0.033,98.3,102.4,716.86,-29.1,2.59,0.314,0.0,6371.4,115.43,26232.0,69.0,100.5,94.5,98.884,170778.8,2550186.4,99.14,108.17,99.8,63.3,64529843.0,98.985,98.948,101.9,99.89,3788691.4,4819306.4,2.0,3.73,1384871.9,1607666.5,105.29,97.03,116.44,2702.1,1539922.0
201902,1.75,3.8,98.5,95.2,96.0,105.18,98.754,0.033,100.4,101.8,731.25,-15.0,2.49,0.265,0.0,3640.9,115.92,26346.0,69.0,98.1,88.1,99.311,175158.7,2552413.4,99.26,93.06,99.8,63.2,56072880.0,94.974,94.94,100.1,99.99,3802494.2,4837855.8,1.93,3.7,1405014.3,1614141.4,107.63,83.71,94.85,2332.0,1539922.0
201903,1.75,3.8,98.6,95.6,95.9,105.38,100.992,0.033,100.7,101.9,729.31,5.4,2.48,0.3,0.0,4828.1,116.58,26805.0,73.0,99.4,92.5,99.121,174807.1,2570410.5,97.39,109.55,99.8,63.3,63420153.0,97.238,97.134,101.1,100.34,3835453.4,4854385.7,1.95,3.66,1425960.8,1617556.6,109.44,96.93,107.1,5456.5,1539922.0
201904,1.75,4.0,98.6,95.8,95.7,106.09,103.929,1.353,102.6,101.3,754.74,-19.5,2.47,0.317,1.4,4067.0,117.19,27038.0,74.0,101.0,98.4,99.481,175875.9,2582127.4,96.72,111.99,99.6,63.3,64460911.0,99.75,99.777,101.9,100.63,3858688.9,4887764.2,1.88,3.65,1421596.2,1627414.0,111.37,98.55,115.32,282.4,1556688.9
201905,1.75,3.8,99.1,95.9,95.5,108.79,103.104,1.353,98.7,101.4,696.47,-12.9,2.44,0.33,1.4,4743.3,117.44,27322.0,73.0,100.9,92.3,99.652,176081.4,2586775.9,95.16,108.19,99.6,63.2,68206706.0,99.053,99.002,102.1,100.74,3874964.2,4908648.7,1.86,3.62,1430197.5,1637077.7,113.74,94.43,111.48,4445.0,1556688.9
201906,1.75,3.9,99.3,95.9,95.3,106.38,102.158,1.353,98.4,101.5,690.53,-2.2,2.3,0.323,1.4,3967.8,117.47,27408.0,74.0,99.9,91.5,99.491,179985.1,2606774.3,94.39,102.12,99.6,63.3,62589352.0,98.682,98.711,100.7,100.46,3905969.2,4946109.8,1.79,3.49,1454392.5,1643100.4,109.52,89.89,103.26,6292.2,1556688.9
201907,1.5,4.0,99.4,95.9,95.1,106.01,106.231,0.271,96.7,101.0,630.18,-3.6,2.22,0.337,0.3,5155.4,117.66,27383.0,73.0,101.7,93.4,99.187,176685.8,2620523.2,96.49,108.6,100.0,63.3,66376983.0,101.899,101.898,101.8,100.46,3932540.7,4973100.1,1.69,3.4,1447588.8,1648646.7,110.39,98.37,111.8,6746.7,1572419.5
201908,1.5,3.6,99.8,96.0,94.8,107.46,102.666,0.271,93.1,101.7,610.55,-0.7,2.06,0.33,0.3,5674.8,117.66,27358.0,69.0,101.6,94.3,99.425,182433.0,2644959.4,95.13,102.84,100.0,63.2,64765092.0,99.618,99.618,103.2,100.69,3963836.2,5011070.4,1.52,3.19,1471688.5,1659345.1,111.17,92.83,108.39,3804.4,1572419.5
201909,1.5,3.6,100.1,96.4,94.3,106.56,104.929,0.271,97.8,101.3,621.76,-60.4,2.03,0.322,0.3,5315.1,117.75,27404.0,72.0,101.6,92.4,99.794,182221.4,2662001.2,96.33,104.26,100.0,63.2,63637099.0,102.057,102.042,102.0,100.75,3992136.9,5027294.2,1.57,3.31,1481331.9,1669791.4,110.89,95.41,99.69,5199.2,1572419.5
201910,1.25,3.5,100.3,96.9,93.3,104.36,104.315,0.955,99.5,100.5,658.52,-14.7,1.88,0.336,1.0,5824.5,118.02,27509.0,73.0,101.9,95.6,100.041,183138.6,2682026.6,95.36,109.34,102.2,63.4,67264005.0,101.636,101.64,102.3,100.51,4019666.8,5064955.4,1.55,3.2,1486029.5,1687139.0,108.3,99.93,107.22,10731.7,1600125.2
201911,1.25,3.7,100.4,97.5,91.7,102.11,102.26,0.955,101.9,101.0,632.99,-4.6,1.77,0.336,1.0,5479.1,117.96,27515.0,74.0,102.0,94.4,99.481,183264.3,2710328.8,95.5,105.2,102.2,63.5,66739543.0,101.547,101.559,103.0,100.37,4053726.3,5100247.0,1.62,3.18,1510877.0,1700073.0,107.27,96.88,103.93,5417.1,1600125.2
201912,1.25,3.5,101.0,98.1,89.3,102.82,104.534,0.955,101.4,100.7,669.83,-12.0,1.76,0.335,1.0,4608.5,117.85,27154.0,76.0,103.1,100.2,99.719,186955.0,2716614.0,95.5,108.23,102.2,63.7,69921361.0,104.291,104.277,103.1,100.65,4061769.9,5144638.7,1.6,3.22,1515519.5,1698612.9,108.99,99.77,111.7,5617.6,1600125.2
202001,1.25,3.4,101.5,98.4,86.0,102.12,102.5,-1.367,105.2,100.1,642.48,-18.5,1.65,0.331,-1.4,5547.5,118.31,26800.0,75.0,103.4,94.4,100.09,190498.8,2743827.9,94.18,97.78,96.7,63.9,67154607.0,100.5,100.5,105.5,101.02,4090052.0,5177544.4,1.54,3.19,1503576.8,1708763.3,108.1,89.3,109.72,680.5,1611162.9
202002,1.25,3.4,100.9,98.7,82.2,103.05,99.2,-1.367,97.7,100.4,610.73,-3.6,1.59,0.321,-1.4,4894.4,118.63,26838.0,65.0,100.0,95.5,100.16,190732.0,2776793.5,93.36,96.15,96.7,63.6,59686650.0,96.7,96.7,101.8,100.69,4126742.8,5201899.1,1.43,3.08,1542733.8,1717155.8,106.55,87.75,94.8,5423.9,1611162.9
202003,0.75,3.9,100.0,98.6,78.3,101.41,103.1,-1.367,79.0,96.5,569.07,-20.1,1.35,0.269,-1.4,6048.2,118.37,26609.0,54.0,98.6,100.6,99.94,195289.8,2798640.8,94.42,108.98,96.7,62.4,58844315.0,101.4,101.4,96.5,99.8,4148017.1,5229439.3,1.27,2.91,1577106.3,1746398.9,100.85,103.33,107.93,7532.3,1611162.9
202004,0.75,3.9,98.9,98.5,75.4,99.22,98.5,-2.642,71.2,83.7,645.18,-3.2,,0.236,-2.6,-301.5,117.58,26562.0,51.0,97.3,103.6,99.5,196659.1,2854169.7,99.56,85.86,100.6,61.8,60385644.0,97.8,97.8,96.2,98.93,4193598.6,5273029.4,1.2,2.8,1575227.0,1779351.1,95.15,88.05,97.43,-7646.1,1637351.8
202005,0.5,4.3,98.2,98.5,74.0,99.7,89.8,-2.642,78.1,85.1,713.68,-155.0,0.17,0.257,-2.6,1671.2,117.58,26930.0,53.0,96.0,96.1,99.44,202517.9,2898342.4,104.66,81.1,100.6,62.2,65011734.0,90.4,90.4,98.2,98.96,4234429.4,5319529.2,1.07,2.82,1603459.7,1799569.0,98.97,88.45,88.84,2524.3,1637351.8
202006,0.5,4.2,98.5,99.0,74.1,100.28,95.9,-2.642,82.4,90.7,737.97,-3.2,0.2,0.299,-2.6,5431.7,118.23,27055.0,56.0,98.8,102.3,99.71,206905.3,2919411.8,103.2,91.64,100.6,62.3,64039367.0,96.6,96.6,99.1,99.47,4251321.1,5356309.6,0.89,2.72,1627424.3,1805731.6,101.41,96.89,91.86,7162.1,1637351.8
202007,0.5,4.2,98.8,99.6,75.6,100.36,98.5,2.26,84.8,94.1,815.3,-33.3,0.18,0.332,2.3,6504.0,118.82,27106.0,62.0,99.8,101.4,99.63,207841.4,2939115.7,101.02,99.41,101.1,62.4,66802467.0,98.9,98.9,100.2,99.69,4272963.3,5399815.1,0.82,2.7,1605319.2,1819923.2,100.57,102.01,99.82,11224.1,1682332.2
202008,0.5,3.9,99.4,100.4,78.1,100.3,98.1,2.26,88.8,95.0,848.24,0.5,0.15,0.312,2.3,6247.4,119.2,27085.0,66.0,99.6,97.6,100.19,211102.2,2957901.9,101.53,93.29,101.1,62.4,64447280.0,99.6,99.6,99.7,100.18,4290367.3,5406030.7,0.81,2.63,1617027.1,1837915.6,99.49,95.43,91.39,5291.8,1682332.2
202009,0.5,4.2,100.1,101.1,81.1,100.26,103.0,2.26,80.0,95.0,848.15,-4.6,0.13,0.303,2.3,6401.2,119.36,27012.0,64.0,100.9,108.1,100.74,214152.3,2982103.5,101.79,112.33,101.1,62.4,66934921.0,104.4,104.4,99.6,100.38,4318742.8,5451952.6,0.88,2.66,1652467.0,1852162.6,98.37,114.44,99.8,10720.5,1682332.2
202010,0.5,4.3,100.7,101.7,84.5,97.88,103.5,1.513,92.3,95.8,792.65,-17.4,0.12,0.294,1.5,13383.8,119.41,27088.0,74.0,101.5,96.6,100.18,215092.9,3013051.7,102.67,105.56,101.6,62.6,66713031.0,103.8,103.8,101.1,99.98,4351610.2,5485043.1,0.88,2.66,1651169.2,1873103.1,96.2,107.79,100.16,18750.9,1728526.6
202011,0.5,4.1,101.5,102.4,87.9,97.42,103.7,1.513,98.8,96.1,886.11,-91.4,0.16,0.322,1.5,8754.9,119.34,27241.0,78.0,102.5,98.9,100.09,218209.0,3039765.8,103.05,109.25,101.6,62.8,66272495.0,104.6,104.6,102.0,100.06,4374855.6,5538855.1,0.9,2.71,1671040.1,1893044.7,96.19,110.42,103.35,10839.1,1728526.6
202012,0.5,4.1,101.6,103.0,91.2,97.99,104.1,1.513,90.5,97.4,968.42,-36.5,0.17,0.343,1.5,11921.3,119.45,26526.0,75.0,101.5,104.8,100.33,220416.4,3052959.4,102.71,118.65,101.6,62.3,65713035.0,105.4,105.4,100.3,100.84,4396870.9,5579982.3,0.9,2.74,1697818.1,1893716.2,98.16,116.94,114.91,8879.3,1728526.6
202101,0.5,4.6,101.5,103.7,94.4,100.16,103.5,1.594,95.0,97.9,928.73,-12.7,0.14,0.311,1.6,9499.7,119.96,25818.0,77.0,101.7,113.2,101.04,223631.7,3082103.7,100.69,108.86,103.7,61.9,64652428.0,105.9,105.9,100.3,101.96,4434676.5,5618069.8,0.87,2.72,1681058.4,1911098.6,101.79,103.05,114.99,4154.1,1765627.6
202102,0.5,4.1,101.8,104.3,97.4,103.68,106.8,1.594,97.2,94.7,913.94,-16.1,0.11,0.311,1.6,8136.7,120.62,26365.0,76.0,103.7,109.6,101.58,228003.8,3112805.6,99.42,105.87,103.7,62.5,61415123.0,109.0,109.0,101.9,102.8,4478049.6,5657845.7,0.85,2.74,1719051.3,1926681.1,106.28,96.99,109.67,7296.4,1765627.6
202103,0.5,4.0,102.4,105.0,100.1,107.43,105.2,1.594,100.4,97.4,956.17,-5.0,0.1,0.338,1.6,7587.3,121.47,26923.0,83.0,104.4,109.9,101.84,231954.5,3139751.8,97.77,125.1,103.7,62.8,69188212.0,107.5,107.6,103.8,103.89,4516941.7,5708482.6,0.86,2.77,1747379.4,1937175.1,109.97,110.62,128.65,9354.2,1765627.6
202104,0.5,3.8,103.4,105.7,102.4,110.26,103.9,1.356,102.3,97.6,983.45,-16.2,0.11,0.35,1.4,6213.5,122.47,27214.0,88.0,104.0,118.2,101.98,231119.1,3176515.7,98.96,121.87,105.5,62.8,70289565.0,106.4,106.4,104.4,104.88,4540740.3,5812133.0,0.84,2.74,1735830.6,1960962.0,109.72,105.24,130.93,416.8,1809244.9
202105,0.5,3.8,103.8,106.4,104.2,112.29,103.1,1.356,105.5,98.5,981.78,-7.6,0.1,0.342,1.4,10891.9,123.45,27550.0,88.0,104.4,108.5,102.05,234348.0,3208328.8,100.19,120.86,105.5,62.8,72183940.0,105.4,105.4,104.8,105.45,4559877.3,5763988.6,0.83,2.72,1750230.4,1963575.1,112.98,103.98,123.88,8225.7,1809244.9
202106,0.5,3.7,103.9,107.0,105.6,113.36,103.5,1.356,110.9,98.8,1029.96,4.8,0.09,0.35,1.4,7033.9,124.6,27637.0,88.0,105.0,114.9,102.05,240628.4,3219485.9,99.33,128.8,105.5,62.9,70107896.0,106.4,106.5,105.3,106.01,4587718.5,5823749.3,0.94,2.77,1788854.5,1971439.5,116.05,107.83,128.88,5799.9,1809244.9
202107,0.5,3.3,104.2,107.1,106.6,117.77,105.8,-0.016,103.4,99.3,1031.14,-13.9,0.1,0.353,0.0,6490.8,125.2,27648.0,87.0,105.1,116.8,102.26,240311.6,3257056.3,97.77,130.69,107.3,62.7,71830819.0,108.9,108.9,104.9,107.04,4631059.7,5864888.7,0.97,2.77,1781100.6,1992402.0,120.23,105.95,137.89,8864.3,1844021.5
202108,0.75,3.4,104.4,107.1,107.3,119.27,105.0,-0.016,102.7,99.1,1038.33,-18.4,0.1,0.359,0.0,5849.5,125.46,27603.0,87.0,105.0,109.9,102.75,243008.5,3293240.3,96.5,126.02,107.3,62.8,69232090.0,109.3,109.3,104.3,107.6,4660369.1,5918245.1,1.03,2.87,1806536.3,2005346.5,121.79,100.77,132.72,5715.2,1844021.5
202109,0.75,3.1,104.7,107.0,107.7,120.73,104.6,-0.016,104.1,97.9,1003.27,-9.8,0.1,0.358,0.0,6869.7,125.8,27683.0,84.0,106.1,101.7,103.17,243535.3,3314910.6,97.24,133.18,107.3,62.9,71235370.0,108.7,108.8,105.8,108.0,4700587.7,5956308.2,1.17,2.96,1824689.3,2020839.2,124.58,106.7,133.6,9210.8,1844021.5
202110,0.75,3.3,105.1,106.9,108.0,123.42,105.5,1.753,107.3,99.2,992.33,-4.9,0.11,0.345,1.8,4619.5,126.84,27741.0,86.0,106.7,100.7,103.35,251851.3,3350841.4,96.1,132.29,107.5,63.0,73520115.0,109.4,109.4,106.6,109.12,4731903.5,5983874.8,1.29,3.07,1829403.9,2037461.7,131.11,103.82,139.29,6069.1,1861315.1
202111,1.0,3.1,105.7,106.8,108.1,122.27,107.4,1.753,108.2,99.9,965.63,-40.9,0.14,0.344,1.8,5705.6,127.47,27795.0,86.0,108.3,108.7,103.87,250785.9,3394545.9,92.75,138.64,107.5,63.0,74438865.0,110.9,111.0,108.6,109.9,4779713.2,6062091.9,1.57,3.23,1842285.6,2050751.0,129.82,105.02,147.64,6268.3,1861315.1
202112,1.0,3.2,106.6,107.0,107.9,120.78,111.7,1.753,104.2,99.6,1033.98,-14.6,0.17,0.335,1.8,4980.6,127.86,27298.0,87.0,109.5,111.4,104.04,253646.7,3411438.0,92.05,144.75,107.5,63.3,75912264.0,115.4,115.5,108.0,109.88,4815758.8,6146477.4,1.7,3.25,1869023.7,2050701.6,127.23,109.81,158.09,7115.8,1861315.1
202201,1.25,3.2,107.5,107.4,107.5,122.23,112.0,0.467,104.9,99.2,872.87,-5.7,0.22,0.3,0.5,6248.2,128.93,26953.0,86.0,110.1,117.5,104.85,256933.6,3449516.3,93.69,133.66,106.2,63.3,75016955.0,115.9,116.0,108.7,111.04,4859388.1,6163021.6,1.65,3.45,1849700.4,2062119.2,132.86,103.82,155.81,-67.9,1861205.5
202202,1.25,2.9,107.8,107.5,106.8,124.89,110.2,0.467,103.4,99.8,881.07,-4.0,0.38,0.292,0.5,6719.1,130.11,27402.0,85.0,108.3,108.8,105.42,256996.4,3487090.3,91.98,127.41,106.2,63.7,65605580.0,114.2,114.3,106.8,111.57,4888347.0,6188612.2,1.7,3.51,1883180.7,2066672.9,138.93,95.72,138.78,7450.2,1861205.5
202203,1.25,2.8,107.8,107.7,105.9,132.6,110.3,0.467,103.6,100.4,944.53,43.5,0.73,0.311,0.5,7726.2,131.85,27754.0,83.0,109.7,106.1,106.1,258769.5,3490107.7,91.76,152.14,106.2,63.6,75417792.0,115.0,115.0,108.9,113.27,4912062.9,6215739.4,1.74,3.5,1903613.6,2074329.4,149.45,110.04,165.76,6403.8,1861205.5
202204,1.5,2.8,107.6,107.8,104.9,134.57,108.0,0.998,104.3,100.5,904.75,-8.6,0.91,0.318,1.0,4878.1,132.59,28078.0,86.0,110.7,103.9,106.83,263435.6,3501103.0,88.44,139.04,105.3,63.8,78493191.0,112.9,112.9,111.4,115.1,4920690.4,6262424.5,1.87,3.57,1897971.8,2087389.2,148.6,95.57,155.99,723.7,1866565.0
202205,1.75,2.9,108.0,108.3,103.6,138.64,106.0,0.998,103.1,100.4,893.36,-0.6,1.33,0.336,1.0,3013.9,134.05,28485.0,86.0,110.8,112.3,107.5,263479.0,3531043.0,89.98,145.18,105.3,64.0,84787819.0,111.5,111.5,112.2,115.92,4953427.6,6311151.8,2.02,3.68,1920415.4,2102225.0,154.23,100.78,163.51,2967.5,1866565.0
202206,1.75,2.9,108.4,108.6,102.2,140.0,106.7,0.998,96.6,100.0,745.44,2.1,1.87,0.323,1.0,2889.2,135.89,28478.0,82.0,111.4,116.1,108.21,264156.2,3551521.2,89.42,137.94,105.3,64.0,79395263.0,112.7,112.8,112.7,116.57,4987007.7,6332429.4,2.41,3.9,1946585.8,2110428.8,155.09,94.74,155.23,3711.3,1866565.0
202207,2.25,3.0,108.9,108.6,100.8,136.54,105.6,0.258,85.7,100.2,803.62,-4.0,2.5,0.304,0.3,72.2,135.87,28475.0,80.0,112.0,115.2,108.73,273059.3,3568802.1,86.82,140.66,106.5,64.1,82207664.0,111.6,111.7,113.0,116.9,5016610.5,6378823.8,2.93,4.21,1925520.4,2121837.3,151.0,96.93,168.97,-1102.1,1869113.3
202208,2.5,2.8,109.6,108.8,99.3,134.73,101.8,0.258,88.5,100.1,807.04,-2.2,2.76,0.276,0.3,-4478.7,135.82,28410.0,81.0,110.9,121.1,108.63,266565.0,3600817.0,88.12,135.14,106.5,64.0,81112499.0,107.3,107.3,114.4,116.45,5059011.7,6425533.7,2.98,4.52,1932799.0,2130684.5,149.68,97.15,170.77,937.8,1869113.3
202209,2.5,2.9,109.9,109.0,97.9,138.52,101.5,0.258,91.3,100.3,672.65,78.1,3.21,0.197,0.3,149.8,136.12,28389.0,78.0,110.8,113.8,108.82,265461.4,3609736.9,87.6,136.49,106.5,64.1,82343480.0,107.2,107.2,114.5,116.53,5076881.5,6454604.1,3.38,4.71,1958348.3,2140254.9,154.7,99.95,157.88,2027.2,1869113.3
202210,3.0,2.9,110.0,109.2,96.6,140.12,99.6,-0.4,88.6,100.3,695.33,21.7,3.85,0.081,-0.4,-1933.3,136.67,28418.0,76.0,110.1,117.5,109.16,271637.2,3632494.2,88.89,123.64,105.0,64.1,83378034.0,104.2,104.2,114.2,117.13,5084467.8,6462890.5,4.01,5.26,1967290.0,2158295.5,156.5,93.05,153.04,1287.6,1865404.9
202211,3.25,2.8,109.9,109.1,95.4,132.49,100.2,-0.4,86.2,100.0,729.54,-135.4,4.46,-0.005,-0.4,-2537.0,136.53,28421.0,75.0,111.4,117.0,109.07,261919.3,3680544.2,88.09,122.79,105.0,64.0,80536440.0,104.6,104.6,114.1,116.75,5125168.4,6515833.8,4.29,5.64,1970661.1,2173145.2,147.92,93.45,152.49,-268.7,1865404.9
202212,3.25,2.7,109.4,108.9,94.5,124.37,96.5,-0.4,89.7,98.8,679.29,15.8,4.51,-0.032,-0.4,490.8,136.11,27808.0,74.0,109.5,115.0,109.26,262847.6,3682296.1,87.46,127.09,105.0,64.0,84793096.0,100.1,100.1,114.6,116.27,5137763.8,6532834.3,4.22,5.57,1958013.6,2165861.1,138.28,97.73,154.27,2992.1,1865404.9
202301,3.5,2.7,109.2,108.9,93.9,120.65,99.7,0.222,90.4,99.5,740.49,7.2,4.61,-0.036,0.2,-3580.0,137.2,27363.0,69.0,108.9,105.0,110.07,259321.7,3689950.1,88.72,109.39,104.9,63.8,80255412.0,102.6,102.7,113.6,116.69,5121319.5,6501904.9,3.83,5.46,1905400.8,2168698.3,135.29,85.72,152.78,-6234.5,1850744.4
202302,3.5,2.7,109.6,108.8,93.5,121.58,98.4,0.222,89.8,99.7,791.6,-0.6,4.74,-0.021,0.2,-1948.3,137.96,27714.0,69.0,110.6,110.3,110.33,259425.2,3695098.8,87.73,118.24,104.9,64.0,75947115.0,102.0,102.0,115.7,116.91,5110834.9,6514722.5,3.54,5.32,1934319.9,2170233.0,137.95,92.09,142.82,3821.3,1850744.4
202303,3.5,2.7,110.2,109.0,93.3,124.12,101.9,0.222,91.7,100.0,847.52,-37.8,4.91,0.008,0.2,-177.9,138.42,28223.0,72.0,111.2,108.4,110.52,256882.5,3681932.9,87.05,131.25,104.9,64.3,84820483.0,106.2,106.2,115.2,117.05,5118781.6,6530865.9,3.56,5.17,1941239.7,2171145.4,139.0,101.58,154.62,-1737.7,1850744.4
202304,3.5,2.6,110.6,109.0,93.3,124.41,100.6,0.686,94.9,100.3,842.83,-52.5,5.03,0.015,0.7,899.8,139.12,28432.0,72.0,110.2,109.6,110.77,257606.5,3668575.3,87.96,116.47,105.0,64.2,83418032.0,104.4,104.4,114.8,116.96,5121564.7,6551420.5,3.43,5.01,1921118.3,2177578.1,139.58,91.72,134.1,-4127.0,1858832.8
202305,3.5,2.5,111.0,109.5,93.4,122.48,104.0,0.686,97.9,100.0,856.94,74.7,5.15,0.043,0.7,1578.6,139.47,28835.0,76.0,112.2,109.5,111.13,262095.7,3660134.7,87.27,123.81,105.0,64.3,87729066.0,108.9,108.9,115.4,116.53,5120044.2,6556446.0,3.56,5.12,1926861.5,2187357.9,135.35,97.71,139.43,736.2,1858832.8
202306,3.5,2.6,111.2,110.1,93.6,118.5,100.8,0.686,100.7,99.2,868.24,46.5,5.22,0.051,0.7,1232.0,139.92,28812.0,76.0,111.8,113.6,111.16,260377.1,3677190.3,89.22,125.27,105.0,64.4,84836568.0,106.1,106.2,116.3,116.27,5147542.7,6615699.7,3.69,5.17,1968232.6,2197685.5,130.16,102.02,136.5,4368.2,1858832.8
202307,3.5,2.9,111.1,110.8,93.7,118.5,98.7,0.956,103.4,99.9,935.97,-26.3,5.35,0.063,1.0,1882.7,140.19,28686.0,74.0,111.1,101.8,111.29,265201.7,3706867.0,90.85,118.78,103.3,64.4,85410812.0,104.3,104.3,116.2,116.53,5173665.3,6614855.8,3.68,5.11,1944908.0,2210386.9,130.43,98.44,125.63,3798.8,1875807.6
202308,3.5,2.7,111.2,111.0,93.7,123.35,102.1,0.956,103.2,99.9,928.4,-26.5,5.44,0.106,1.0,6930.4,140.8,28678.0,71.0,112.7,102.1,112.28,263391.8,3705542.3,91.48,122.63,103.3,64.3,84372750.0,108.8,108.8,116.7,117.5,5181038.6,6636633.9,3.65,5.1,1959811.0,2222860.5,135.83,100.99,130.89,6623.0,1875807.6
202309,3.5,2.8,111.3,111.3,93.7,125.53,103.1,0.956,99.7,100.0,841.02,23.1,5.49,0.128,1.0,4696.7,141.15,28698.0,73.0,114.0,107.4,112.85,262519.1,3711125.5,91.11,129.76,103.3,64.4,86003954.0,111.3,111.4,117.2,118.03,5202445.0,6643657.2,3.81,5.17,1976365.2,2238147.8,139.83,105.4,131.46,4747.6,1875807.6
202310,3.5,2.6,111.7,111.9,93.7,126.37,103.0,0.731,98.0,99.5,736.1,43.7,5.46,0.158,0.7,7837.0,141.1,28764.0,70.0,113.1,111.1,113.27,262502.7,3725384.7,89.48,126.28,103.8,64.4,87719678.0,109.5,109.5,116.6,117.86,5217303.8,6652303.6,3.95,5.24,1962956.4,2253613.6,141.07,100.72,136.93,9583.1,1882633.9
202311,3.5,2.8,112.1,112.3,93.7,122.08,103.3,0.731,97.1,99.9,831.68,-11.2,5.41,0.157,0.7,6527.5,140.81,28698.0,70.0,114.0,108.2,112.68,258879.8,3753198.7,88.92,131.52,103.8,64.5,87293909.0,111.4,111.4,117.2,117.41,5259209.5,6736627.6,3.99,5.26,1981278.7,2266755.9,135.04,105.33,133.42,3170.3,1882633.9
202312,3.5,2.8,112.0,112.8,93.8,120.84,100.7,0.731,99.5,99.6,866.57,6.8,5.32,0.148,0.7,6651.9,140.67,28093.0,70.0,113.2,112.9,112.73,262620.4,3746265.4,89.03,131.17,103.8,64.6,86873960.0,110.0,110.1,117.5,117.56,5329483.2,6842950.9,3.85,5.14,1993056.0,2266468.8,132.89,106.0,136.1,7332.7,1882633.9
202401,3.5,2.8,112.4,113.2,93.8,124.59,101.8,1.013,101.5,98.3,799.24,23.9,5.26,0.131,1.0,8841.8,141.44,27743.0,69.0,113.7,103.0,113.17,264486.8,3737150.0,90.95,126.58,102.6,64.6,87232562.0,109.1,109.1,117.3,118.19,5337303.2,6851269.6,3.67,5.04,1964188.4,2275754.9,136.27,103.19,140.93,3329.0,1879403.3
202402,3.5,2.7,112.6,113.7,93.9,126.54,103.6,1.013,101.7,99.3,862.96,62.0,5.22,0.134,1.0,6783.4,142.32,28043.0,68.0,114.7,113.2,113.78,265059.1,3762421.4,91.34,122.48,102.6,64.6,80913256.0,111.9,111.9,117.8,118.55,5379595.3,6882196.0,3.63,4.85,2013610.0,2286010.8,137.63,99.49,123.87,6362.5,1879403.3
202403,3.5,2.8,112.6,113.9,93.9,126.94,100.3,1.013,100.5,99.5,905.5,-3.5,5.29,0.166,1.0,7430.9,143.24,28396.0,69.0,112.4,105.9,113.95,268903.9,3804502.7,91.8,132.73,102.6,64.5,86623817.0,108.1,108.2,117.1,118.82,5423977.2,6928310.6,3.58,4.85,2049930.9,2295440.4,138.31,107.53,133.74,11904.2,1879403.3
202404,3.5,2.8,112.6,114.5,94.0,132.55,104.0,-0.151,100.6,99.3,868.93,40.3,5.33,0.178,-0.2,5386.6,143.79,28693.0,71.0,114.5,109.6,114.01,267172.7,3808016.6,92.66,131.47,101.9,64.7,86930232.0,111.7,111.8,118.0,119.16,5453997.0,6925941.0,3.53,4.77,2000338.5,2312960.6,143.57,105.68,140.94,-6276.2,1892719.1
202405,3.5,2.8,112.4,114.8,94.0,131.78,103.3,-0.151,98.2,99.9,839.98,164.9,5.33,0.183,-0.2,9378.6,144.03,28915.0,73.0,114.1,104.1,114.1,269683.2,3809604.3,91.35,136.08,101.9,64.5,89871138.0,112.3,112.4,117.2,119.25,5457969.9,6941634.4,3.55,4.78,2015348.6,2327198.0,141.77,108.3,137.0,4385.8,1892719.1
202406,3.5,2.8,112.6,115.2,93.9,132.88,102.2,-0.151,100.7,99.9,840.44,1.2,5.28,0.19,-0.2,10046.3,144.08,28907.0,74.0,113.1,109.6,113.84,269724.2,3810925.3,92.09,135.16,101.9,64.5,87217014.0,110.9,111.0,117.1,119.23,5493904.5,7000861.2,3.51,4.71,2054718.5,2338124.2,142.64,108.57,126.04,15421.8,1892719.1
202407,3.5,2.7,112.2,115.4,93.7,133.88,99.0,0.055,103.6,99.0,803.15,-28.8,5.31,0.198,0.1,7990.5,144.25,28857.0,72.0,112.5,118.9,114.13,274491.0,3823612.1,93.0,136.35,102.3,64.4,90054571.0,107.7,107.8,117.2,119.56,5532011.8,7059513.5,3.41,4.55,2026573.5,2352799.6,143.28,109.91,135.82,8982.8,1911441.0
202408,3.5,2.6,112.4,115.6,93.3,130.08,103.0,0.055,100.6,99.5,767.66,-2.6,5.12,0.196,0.1,7070.1,144.37,28801.0,70.0,114.3,109.6,114.54,273768.1,3834045.4,91.83,132.3,102.3,64.4,88498992.0,113.4,113.5,117.6,119.38,5561111.2,7051437.3,3.35,4.48,2050600.5,2369543.7,138.23,106.24,137.86,3769.7,1911441.0
202409,3.5,2.6,112.6,115.9,92.7,126.77,102.0,0.055,99.8,98.8,763.88,-5.3,4.86,0.194,0.1,9452.0,144.6,28842.0,70.0,113.6,114.5,114.65,273321.7,3850110.0,92.35,135.66,102.3,64.4,89098987.0,112.7,112.8,116.7,119.16,5592612.6,7087734.8,3.4,4.62,2070818.2,2380422.7,134.67,110.75,134.15,13608.9,1911441.0
202410,3.25,2.8,113.2,116.2,91.9,128.54,102.8,0.236,101.6,98.5,743.06,7.6,4.62,0.196,0.2,8696.5,144.76,28847.0,69.0,114.9,114.7,114.69,276290.6,3856830.2,92.96,133.9,101.7,64.5,91062376.0,114.4,114.5,118.3,119.01,5626630.2,7113752.4,3.37,4.67,2072068.2,2393352.9,137.55,110.62,140.02,12382.9,1922706.5
202411,3.0,2.8,113.1,116.5,91.1,130.57,100.4,0.236,100.6,98.3,678.19,-10.9,4.53,0.188,0.2,9426.5,144.68,28821.0,69.0,113.5,110.5,114.4,274588.3,3877653.5,92.84,131.0,101.7,64.5,89563030.0,111.4,111.5,118.1,119.1,5652329.7,7156346.7,3.35,4.76,2082831.7,2397971.4,138.8,108.36,129.76,10584.3,1922706.5
202412,3.0,3.1,113.1,116.5,90.3,133.56,102.7,0.236,87.9,99.4,678.19,34.1,4.46,0.176,0.2,9469.9,144.74,28041.0,64.0,115.1,124.0,114.91,278094.1,3899883.8,93.25,141.3,101.7,64.5,92138198.0,115.7,115.8,119.0,119.52,5692985.5,7210088.4,3.21,4.64,2100017.8,2388996.3,141.98,118.27,138.58,12412.3,1922706.5
202501,3.0,2.8,112.9,116.5,89.8,135.31,101.6,-0.172,91.0,99.1,728.29,-6.5,4.33,0.16,-0.2,9156.7,145.68,27878.0,64.0,114.1,105.5,115.71,280703.9,3923813.7,93.89,112.86,102.3,64.6,87469896.0,113.7,113.8,118.2,120.27,5725387.6,7259052.2,3.07,4.53,2073334.0,2398711.0,145.08,95.29,131.11,654.8,1924971.5
202502,2.75,2.8,113.2,116.9,89.5,134.56,102.0,-0.172,95.0,100.1,743.96,-0.1,4.34,0.158,-0.2,8670.6,146.33,28179.0,63.0,114.6,115.0,116.08,283457.1,3930032.5,92.26,123.31,102.3,64.7,85743877.0,113.8,113.9,119.3,120.33,5774129.4,7290693.4,2.97,4.46,2098313.7,2407181.5,143.6,102.74,123.71,3098.7,1924971.5
202503,2.75,2.8,113.6,117.6,89.6,135.11,103.9,-0.172,93.2,100.1,672.85,-1.1,4.29,0.177,-0.2,8870.5,146.66,28589.0,65.0,115.3,120.9,116.29,284886.7,3914425.3,92.61,133.44,102.3,64.7,89494059.0,116.5,116.6,118.9,120.36,5770462.1,7306653.4,2.84,4.36,2124660.2,2411185.4,143.04,111.71,136.2,8578.7,1924971.5
202504,2.75,2.7,113.9,118.1,89.9,133.05,103.5,0.65,93.6,100.2,717.24,42.9,4.32,0.18,0.6,8897.1,147.12,28887.0,65.0,115.1,117.5,116.38,282625.8,3930117.2,93.65,135.18,101.7,64.7,89835960.0,116.4,116.5,119.2,120.14,5800200.2,7368532.3,2.71,4.19,2092132.3,2428477.2,139.82,114.87,136.12,5169.5,1949977.5
202505,2.5,2.7,113.7,118.6,90.4,128.39,101.1,0.65,101.7,100.0,734.35,-3.5,4.29,0.176,0.6,9855.8,147.42,29160.0,69.0,114.0,112.7,116.27,285260.9,3955677.1,94.54,133.41,101.7,64.7,92978038.0,113.6,113.8,118.8,119.64,5838697.7,7377380.2,2.63,4.17,2112820.9,2442914.8,134.61,114.69,128.4,7267.4,1949977.5
202506,2.5,2.7,114.1,119.1,91.2,126.88,102.8,0.65,108.6,100.5,781.5,133.7,4.31,0.191,0.6,10086.9,147.93,29091.0,68.0,116.0,112.2,116.31,288825.2,3975355.6,95.77,139.04,101.7,64.6,90800961.0,117.0,117.1,120.0,119.77,5868624.7,7414784.3,2.55,4.09,2150300.2,2444752.9,133.73,120.62,130.02,16624.5,1949977.5
202507,2.5,2.7,114.3,120.1,91.9,127.86,101.5,1.362,110.7,100.9,805.24,94.0,4.28,0.187,1.4,11101.6,148.15,29029.0,68.0,115.6,114.1,116.52,290233.3,3994121.9,94.74,141.97,102.9,64.5,94958632.0,115.8,115.9,119.8,120.19,5902023.7,7479673.4,2.51,4.06,2136930.6,2453183.3,134.84,121.07,138.31,12933.1,1964814.7
202508,2.5,2.8,114.7,120.9,92.7,128.69,103.7,1.362,111.2,100.6,796.91,-8.0,4.22,0.191,1.4,10487.3,148.58,28967.0,69.0,115.5,110.6,116.45,291373.3,4038586.0,94.35,134.82,102.9,64.6,91516719.0,117.8,117.9,119.1,120.11,5958122.3,7536587.4,2.49,4.06,2162522.3,2467413.0,135.21,114.98,132.5,10074.3,1964814.7
202509,2.5,2.7,114.9,121.2,93.4,129.37,103.2,1.362,110.0,100.7,841.99,4.7,4.1,0.197,1.4,9476.5,148.95,29154.0,69.0,116.9,119.6,117.06,296697.5,4059804.3,95.3,151.89,102.9,64.8,95364571.0,118.3,118.5,121.3,120.54,6000909.1,7596079.2,2.52,4.03,2198983.7,2475267.1,135.56,130.76,144.68,14731.8,1964814.7
202510,2.5,2.7,114.6,121.5,94.0,134.7,99.0,-0.108,109.6,100.2,900.42,3.1,3.98,0.201,-0.1,9285.9,,29040.0,70.0,114.3,112.0,117.42,297022.7,4057978.5,96.54,133.06,103.5,64.6,92592210.0,111.8,111.9,120.9,120.94,6028435.1,7615540.7,2.57,4.02,2170626.6,2485918.2,138.19,113.69,136.65,8389.3,1979088.4
202511,2.5,2.8,114.5,122.2,94.5,139.42,99.7,-0.108,112.3,100.1,912.67,-0.6,3.86,0.203,-0.1,12171.5,148.64,29046.0,70.0,115.1,111.9,117.2,300168.7,4063174.9,98.24,142.77,103.5,64.7,93613206.0,113.1,113.2,121.5,121.31,6042378.8,7647500.2,2.81,4.15,2185935.3,2495858.4,141.47,122.7,130.65,8469.5,1979088.4
202512,2.5,3.3,114.5,123.1,94.9,140.28,102.5,-0.108,109.8,100.5,925.47,-0.6,3.74,0.207,-0.1,14993.3,148.61,28209.0,71.0,116.5,107.3,117.57,298662.8,4081360.1,97.96,162.11,103.5,64.8,95075070.0,115.4,115.5,122.5,121.76,6064242.1,7753705.0,2.9,4.19,2189735.6,2490883.5,142.68,139.35,146.64,23771.9,1979088.4
202601,2.5,3.0,114.7,124.2,95.1,145.86,99.5,1.831,110.8,100.2,1149.44,87.6,3.63,0.195,1.8,19558.9,149.16,27986.0,72.0,115.6,112.7,118.03,303623.8,4113522.3,102.26,154.7,106.0,64.7,94132736.0,112.1,112.3,122.3,122.56,6112811.9,7780288.0,2.79,4.24,2148225.3,2495243.3,143.74,132.97,146.84,5625.5,1993110.8
202602,2.5,2.9,115.5,125.2,95.2,149.5,104.6,1.831,112.1,101.0,1192.78,-37.8,3.66,0.185,1.8,28117.3,149.86,28413.0,71.0,118.0,129.6,118.4,303269.9,4113728.6,104.28,158.62,106.0,64.9,87731357.0,118.8,119.0,122.9,123.28,6164596.4,7857415.7,2.83,4.26,2198203.4,2505840.0,145.88,135.42,133.5,22799.5,1993110.8
202603,2.5,2.7,116.2,126.4,95.2,174.92,105.0,1.831,107.0,100.6,1052.39,-16.8,3.69,0.203,1.8,35646.8,151.44,28795.0,71.0,118.5,131.8,118.8,307246.2,4128588.4,113.76,203.63,106.0,64.8,98050052.0,119.3,119.4,124.7,125.35,6189726.0,7820910.0,2.82,4.2,2222685.0,2515637.1,172.16,169.54,153.74,36991.6,1993110.8
202604,2.5,2.8,116.5,127.5,95.1,188.02,103.1,,99.2,101.5,1192.35,-9.1,3.77,0.204,,33394.4,152.72,28961.0,72.0,118.0,126.9,119.37,306015.3,4153872.5,107.08,203.06,,64.5,,118.4,118.5,123.6,128.75,6219338.9,7962865.2,2.92,4.2,2216677.5,2527788.2,168.49,147.6,158.95,25459.4,
202605,2.5,2.8,116.3,128.8,95.1,188.58,100.0,,106.1,101.7,1074.8,,3.72,0.21,,,153.69,29120.0,76.0,117.7,126.8,119.92,,,112.18,209.24,,64.3,,114.7,114.9,125.2,129.82,,,2.93,4.19,,,168.05,156.06,155.69,,
202606,2.5,,,,95.1,,,,106.6,,,,,,,,,,75.0,,,,,,,,,,,,,,,,,,,,,,,,,
